"","alpha","lambda","mean.rmse","mean.rank","list.rank","rmse.rank","ranks.rank","mean.final.rank"
"1",0,6.8926121043497,9.2802877940637,4,"12, 2, 1, 2, 3",1,1,1
"2",0,7.74263682681127,9.29544679575691,4.4,"10, 5, 2, 4, 1",2,2,2
"3",0,6.13590727341317,9.30804943890255,5,"13, 1, 5, 1, 5",4,3,3.5
"4",0,8.69749002617784,9.30380544788836,9.2,"8, 8, 3, 25, 2",3,4,3.5
"5",0,5.46227721768434,9.37386045610796,10.8,"14, 9, 13, 9, 9",8,5,6.5
"6",0,9.77009957299225,9.32885181709353,19.6,"9, 3, 4, 78, 4",5,8,6.5
"7",0,4.86260158006535,9.44204153073028,18,"17, 11, 18, 30, 14",10,6,8
"8",0,10.9749876549306,9.34625455804776,22.8,"6, 4, 9, 89, 6",6,10,8
"9",0,12.3284673944207,9.37265413259023,26.4,"5, 7, 15, 98, 7",7,13,10
"10",0.1,1.70735264747069,9.48995311120509,19,"30, 15, 7, 26, 17",13,7,10
"11",0.1,1.91791026167249,9.48483610790959,22,"31, 16, 6, 47, 10",12,9,10.5
"12",0,13.8488637139387,9.40219650769629,31,"4, 6, 19, 118, 8",9,15,12
"13",0.1,1.51991108295293,9.50433236657025,24.4,"46, 17, 11, 28, 20",15,11,13
"14",0.1,2.15443469003188,9.50268926296886,25,"20, 19, 8, 67, 11",14,12,13
"15",0.1,1.35304777457981,9.52884353222436,30.4,"74, 21, 12, 16, 29",17,14,15.5
"16",0,15.5567614393047,9.44878452943208,37.8,"1, 10, 28, 137, 13",11,21,16
"17",0,4.32876128108306,9.53852733462631,34.4,"19, 13, 27, 71, 42",18,16,17
"18",0.2,0.954548456661834,9.58457737300568,35,"57, 27, 25, 45, 21",21,17,19
"19",0.1,2.42012826479438,9.55205693837539,37.6,"56, 23, 10, 87, 12",19,20,19.5
"20",0.2,1.07226722201032,9.59181716804542,36,"53, 32, 21, 56, 18",22,18,20
"21",0.1,1.20450354025878,9.57783973016667,41.6,"104, 24, 16, 11, 53",20,22,21
"22",0.2,0.849753435908644,9.59242855548274,37,"66, 26, 29, 20, 44",23,19,21
"23",0,17.4752840000768,9.52222800852776,56.4,"2, 12, 58, 160, 50",16,31,23.5
"24",0.1,2.71858824273294,9.60236309654568,45,"59, 28, 14, 109, 15",24,25,24.5
"25",0.2,0.756463327554629,9.60924137976143,43,"68, 30, 32, 15, 70",26,23,24.5
"26",0.2,1.20450354025878,9.61730631767193,44.2,"63, 38, 23, 81, 16",27,24,25.5
"27",0.3,0.673415065775082,9.62975809647539,45.8,"51, 35, 66, 53, 24",28,26,27
"28",0.3,0.756463327554629,9.64034836681728,47.8,"58, 42, 40, 77, 22",30,27,28.5
"29",0.3,0.599484250318941,9.64303076811109,54.2,"60, 33, 86, 21, 71",31,29,30
"30",0.2,1.35304777457981,9.65019962169595,54,"67, 59, 20, 101, 23",33,28,30.5
"31",0.4,0.533669923120631,9.65748594271255,54.4,"50, 44, 90, 62, 26",34,30,32
"32",0.1,1.07226722201032,9.64535216014241,58.2,"120, 29, 33, 31, 78",32,33.5,32.75
"33",0.5,0.42292428743895,9.66890195360792,57.2,"41, 49, 102, 64, 30",38,32,35
"34",0.1,3.05385550883342,9.66362881801069,58.4,"64, 37, 17, 141, 33",36,35,35.5
"35",0.4,0.599484250318941,9.66994729759949,58.2,"54, 57, 63, 90, 27",39,33.5,36.25
"36",0.3,0.533669923120631,9.66818555574521,59.6,"69, 40, 103, 3, 83",37,37,37
"37",0,3.85352859371053,9.63266753251692,66.8,"116, 18, 64, 61, 75",29,47,38
"38",0.2,0.673415065775082,9.66218871293708,62.6,"100, 34, 87, 6, 86",35,41,38
"39",0.3,0.849753435908644,9.67062530094429,60.2,"71, 61, 56, 94, 19",40,38,39
"40",0.6,0.376493580679247,9.67572641153537,58.6,"21, 52, 100, 82, 38",42,36,39
"41",0.5,0.47508101621028,9.67568158149172,61.2,"47, 58, 74, 88, 39",41,39.5,40.25
"42",0.4,0.47508101621028,9.68009660580574,61.2,"49, 39, 114, 27, 77",43,39.5,41.25
"43",0,19.6304065004027,9.60751274252224,75.4,"3, 14, 97, 179, 84",25,61,43
"44",0.7,0.298364724028334,9.69216171462818,63.6,"28, 43, 125, 66, 56",46,42,44
"45",0.7,0.335160265093884,9.69043265856674,64.4,"32, 69, 93, 92, 36",45,43.5,44.25
"46",0.2,1.51991108295293,9.68651020605428,66,"70, 75, 22, 132, 31",44,46,45
"47",0.8,0.265608778294669,9.69463052046909,64.4,"26, 45, 120, 73, 58",47,43.5,45.25
"48",0.6,0.335160265093884,9.69723915575037,64.6,"43, 41, 136, 58, 45",49,45,47
"49",0.4,0.673415065775082,9.69526142755827,67.8,"72, 77, 60, 105, 25",48,49,48.5
"50",0.9,0.236448941264541,9.70079868280556,67.4,"25, 47, 128, 76, 61",51,48,49.5
"51",0.3,0.954548456661834,9.69953822719717,69.2,"77, 84, 34, 119, 32",50,51,50.5
"52",0.4,0.42292428743895,9.70486210349945,68.8,"52, 50, 131, 23, 88",54,50,52
"53",0.5,0.533669923120631,9.70276235175945,71.4,"80, 76, 59, 114, 28",52,54,53
"54",1,0.210490414451202,9.70732889369426,69.4,"22, 46, 135, 75, 69",56,52,54
"55",0.8,0.298364724028334,9.70736632280203,71.6,"40, 64, 110, 96, 48",57,55,56
"56",0.5,0.376493580679247,9.71018868644515,70.8,"44, 53, 134, 36, 87",60,53,56.5
"57",0.6,0.42292428743895,9.70556377925211,75,"79, 72, 81, 103, 40",55,60,57.5
"58",1,0.236448941264541,9.70926944818137,72.8,"33, 66, 111, 97, 57",59,56,57.5
"59",0.3,0.47508101621028,9.70885160889905,73.8,"102, 48, 118, 7, 94",58,57.5,57.75
"60",0.9,0.265608778294669,9.71642901101222,74.4,"38, 68, 113, 99, 54",61,59,60
"61",0,3.43046928631492,9.70431613748268,83.8,"152, 22, 82, 70, 93",53,74.5,63.75
"62",0.6,0.298364724028334,9.73280477038096,73.8,"39, 56, 150, 34, 90",71,57.5,64.25
"63",0.5,0.335160265093884,9.7295015437231,77.2,"48, 71, 140, 35, 92",68,62,65
"64",0.7,0.376493580679247,9.71757987109615,79.8,"73, 80, 80, 115, 51",64,66,65
"65",0.4,0.756463327554629,9.72613210523522,78.8,"91, 93, 42, 133, 35",66,64.5,65.25
"66",0.1,3.43046928631492,9.7264541457372,78.8,"65, 63, 24, 169, 73",67,64.5,65.75
"67",0.1,0.954548456661834,9.71665050315062,82.2,"144, 36, 79, 51, 101",62,70,66
"68",0.8,0.335160265093884,9.72483252893282,83.8,"84, 82, 77, 121, 55",65,74.5,69.75
"69",0.4,0.376493580679247,9.73456970343296,80.2,"81, 74, 137, 5, 104",73,68,70.5
"70",0.7,0.265608778294669,9.74946741629234,78.6,"35, 62, 160, 40, 96",78,63,70.5
"71",0.2,1.70735264747069,9.733908106682,83.4,"82, 94, 26, 153, 62",72,72.5,72.25
"72",0.3,1.07226722201032,9.73645647635006,83.2,"87, 98, 38, 146, 47",75,71,73
"73",0.8,0.236448941264541,9.7582334064951,80,"34, 55, 170, 46, 95",81,67,74
"74",0.6,0.265608778294669,9.76085341763451,81.2,"45, 83, 157, 10, 111",82,69,75.5
"75",1,0.265608778294669,9.73277606872538,86.6,"76, 87, 88, 122, 60",70,83,76.5
"76",0.2,0.599484250318941,9.73557513981871,85.6,"124, 67, 112, 19, 106",74,80,77
"77",0.5,0.599484250318941,9.74033645591362,85,"89, 95, 73, 134, 34",77,78,77.5
"78",0.9,0.298364724028334,9.73024936852538,87,"83, 85, 84, 124, 59",69,86,77.5
"79",0,22.0513073990305,9.71743264554985,95.2,"7, 20, 124, 204, 121",63,94,78.5
"80",0.9,0.210490414451202,9.76950042143029,83.4,"29, 60, 175, 55, 98",87,72.5,79.75
"81",0.6,0.47508101621028,9.73848297776966,86.8,"86, 92, 85, 128, 43",76,84.5,80.25
"82",0.8,0.210490414451202,9.76779551487247,84.4,"37, 81, 161, 41, 102",85,76,80.5
"83",0.7,0.42292428743895,9.75674503396982,92.2,"92, 96, 92, 135, 46",80,87,83.5
"84",0.5,0.298364724028334,9.76355337979129,86.8,"78, 89, 147, 8, 112",83,84.5,83.75
"85",0.7,0.236448941264541,9.76980566439312,85.4,"42, 78, 163, 37, 107",89,79,84
"86",1,0.187381742286038,9.77329450919429,84.6,"24, 70, 178, 52, 99",92,77,84.5
"87",0.9,0.187381742286038,9.77257436773728,85.8,"36, 79, 167, 42, 105",91,81,86
"88",0,3.05385550883342,9.7497672245975,95.6,"142, 31, 107, 83, 115",79,95,87
"89",0.8,0.376493580679247,9.76854994723234,94.2,"97, 103, 94, 140, 37",86,90,88
"90",0.6,0.533669923120631,9.76372479804675,94.8,"101, 108, 62, 151, 52",84,92.5,88.25
"91",1,0.166810053720006,9.78049252854627,86.4,"27, 86, 171, 39, 109",97,82,89.5
"92",0.4,0.335160265093884,9.77476831472427,94,"98, 88, 144, 22, 118",96,89,92.5
"93",0.4,0.849753435908644,9.76960082298946,96.2,"99, 111, 49, 156, 66",88,97,92.5
"94",0.9,0.335160265093884,9.77213696064044,97,"94, 106, 101, 143, 41",90,100,95
"95",0.6,0.236448941264541,9.79670971636614,94.6,"61, 107, 162, 13, 130",101,91,96
"96",0.3,0.42292428743895,9.77427395529849,96.4,"115, 91, 139, 24, 113",95,98,96.5
"97",0.5,0.673415065775082,9.77388762293994,98.2,"105, 113, 54, 155, 64",94,101,97.5
"98",1,0.298364724028334,9.77380598689396,98.8,"93, 105, 108, 139, 49",93,102.5,97.75
"99",1,0.148496826225446,9.80852028659252,93.2,"23, 112, 182, 18, 131",110,88,99
"100",0.8,0.187381742286038,9.80256901945784,94.8,"62, 102, 172, 14, 124",106,92.5,99.25
"101",0.3,1.20450354025878,9.78160487267554,98.8,"109, 117, 31, 165, 72",98,102.5,100.25
"102",0.7,0.210490414451202,9.800791385475,95.8,"75, 100, 166, 12, 126",105,96,100.5
"103",0.7,0.47508101621028,9.78332239784004,101.6,"107, 114, 67, 157, 63",99,104,101.5
"104",0.8,0.42292428743895,9.79387651394412,105.4,"111, 118, 70, 163, 65",100,107,103.5
"105",0,2.71858824273294,9.7985241810875,102.2,"159, 51, 117, 95, 89",103,105,104
"106",0.9,0.166810053720006,9.80774784894267,96.8,"55, 109, 176, 17, 127",109,99,104
"107",1,0.335160265093884,9.79746078952485,107.6,"110, 116, 83, 162, 67",102,110,106
"108",0.2,1.91791026167249,9.80398082786942,105.2,"106, 124, 30, 175, 91",107,106,106.5
"109",0.1,0.849753435908644,9.80661457899027,107.4,"161, 73, 115, 65, 123",108,109,108.5
"110",0.9,0.376493580679247,9.7985845746103,108.2,"112, 121, 76, 164, 68",104,113,108.5
"111",0.1,3.85352859371053,9.81697206092667,105.6,"96, 97, 43, 189, 103",113,108,110.5
"112",0.2,0.533669923120631,9.81024682567384,107.8,"147, 90, 133, 44, 125",112,111,111.5
"113",0.6,0.599484250318941,9.80879893236186,108,"114, 128, 53, 171, 74",111,112,111.5
"114",0.4,0.954548456661834,9.82305120566357,109.2,"117, 132, 35, 177, 85",114,114,114
"115",0.5,0.756463327554629,9.8244191146585,109.4,"119, 131, 36, 181, 80",115,115,115
"116",0.7,0.533669923120631,9.82775835602704,110.8,"122, 130, 46, 180, 76",116,116,116
"117",0.5,0.265608778294669,9.82792286200725,111.6,"103, 115, 164, 54, 122",117,117,117
"118",0.8,0.47508101621028,9.83580974145787,112.4,"125, 136, 37, 183, 81",118,118,118
"119",1,0.376493580679247,9.83689525913882,112.6,"126, 135, 41, 182, 79",119,119,119
"120",0,24.7707635599171,9.8411886759524,113.4,"11, 25, 151, 228, 152",120,121,120.5
"121",0.8,0.166810053720006,9.84212217799913,112.8,"88, 122, 191, 29, 134",122,120,121
"122",0.7,0.187381742286038,9.84297032786398,113.6,"95, 120, 188, 32, 133",124,122,123
"123",0.9,0.42292428743895,9.84187568388428,115.2,"127, 138, 45, 184, 82",121,125,123
"124",0.4,0.298364724028334,9.84219588494781,114.8,"123, 110, 169, 43, 129",123,124,123.5
"125",0.9,0.148496826225446,9.851051470911,114.6,"85, 125, 193, 33, 137",127,123,125
"126",0.3,0.376493580679247,9.84324593544334,115.6,"138, 104, 156, 48, 132",125,126,125.5
"127",0.3,1.35304777457981,9.84868622050183,117.4,"118, 139, 44, 186, 100",126,127,126.5
"128",0,2.42012826479438,9.85743099622934,118.4,"172, 65, 119, 117, 119",128,128,128
"129",0.6,0.210490414451202,9.85962642445979,119.8,"113, 127, 186, 38, 135",129,129,129
"130",0.6,0.673415065775082,9.86474717273535,120.4,"130, 146, 39, 190, 97",130,130,130
"131",1,0.132194114846603,9.87123891018284,120.8,"90, 129, 197, 49, 139",131,131,131
"132",0.5,0.236448941264541,9.87804720380252,126,"129, 126, 187, 50, 138",132,132,132
"133",0.7,0.599484250318941,9.89569020548959,127.4,"137, 152, 47, 193, 108",133,133,133
"134",0.5,0.849753435908644,9.8969627727013,128.2,"136, 153, 48, 194, 110",134,134,134
"135",0.1,0.756463327554629,9.8976372689409,128.4,"178, 101, 141, 80, 142",135,135,135
"136",0.2,0.47508101621028,9.90033460367181,131.6,"170, 123, 155, 69, 141",136,137.5,136.75
"137",0.4,1.07226722201032,9.90286580238459,130.8,"135, 151, 55, 199, 114",138,136,137
"138",0.2,2.15443469003188,9.90094393310399,131.8,"128, 147, 61, 195, 128",137,139,138
"139",1,0.42292428743895,9.91030240916747,131.6,"140, 155, 51, 196, 116",139,137.5,138.25
"140",0.8,0.533669923120631,9.91341997541174,133.2,"143, 156, 50, 200, 117",140,140,140
"141",0.9,0.47508101621028,9.91774859338932,135,"145, 157, 52, 201, 120",141,141,141
"142",0.8,0.148496826225446,9.92322733655503,135.4,"131, 142, 201, 57, 146",142,142,142
"143",0.7,0.166810053720006,9.92863903422521,136.6,"134, 141, 203, 60, 145",143,144,143.5
"144",0.3,0.335160265093884,9.93300805527835,138.6,"168, 133, 177, 72, 143",144,146,145
"145",0.9,0.132194114846603,9.93377968396897,138.2,"132, 145, 206, 59, 149",146,145,145.5
"146",0.4,0.265608778294669,9.93374639676591,141.4,"150, 140, 192, 74, 151",145,147,146
"147",0.1,4.32876128108306,9.93426854380198,141.6,"121, 143, 91, 209, 144",147,148,147.5
"148",0,27.8255940220713,9.97993273584677,136,"15, 54, 184, 253, 174",153,143,148
"149",0.6,0.187381742286038,9.94743004446602,142,"141, 144, 200, 68, 157",148,149,148.5
"150",1,0.1176811952435,9.95328642828376,142.4,"133, 148, 214, 63, 154",149,150.5,149.75
"151",0,2.15443469003188,9.95504177570066,142.4,"188, 99, 142, 136, 147",150,150.5,150.25
"152",0.3,1.51991108295293,9.95580187398033,143.8,"146, 158, 69, 206, 140",151,153,152
"153",0.6,0.756463327554629,9.96038816972679,143.2,"151, 167, 57, 205, 136",152,152,152
"154",0.5,0.210490414451202,9.99215665354232,150.4,"153, 150, 198, 79, 172",154,154,154
"155",0.2,0.42292428743895,10.0016052323936,154,"186, 149, 185, 91, 159",155,157,156
"156",0.7,0.673415065775082,10.0046909732035,152.4,"158, 176, 65, 215, 148",156,156,156
"157",0.1,0.673415065775082,10.0077578505983,151.8,"195, 134, 168, 100, 162",158,155,156.5
"158",0.5,0.954548456661834,10.0066707336607,154.2,"155, 175, 75, 216, 150",157,158,157.5
"159",0.4,1.20450354025878,10.0119818892805,155.8,"154, 173, 78, 221, 153",159,159,159
"160",1,0.47508101621028,10.0238185055014,156.4,"165, 177, 68, 217, 155",160,160,160
"161",0.8,0.599484250318941,10.0277597644786,158.2,"164, 180, 72, 219, 156",162,161,161.5
"162",0.2,2.42012826479438,10.025540153781,159.8,"149, 169, 96, 222, 163",161,163,162
"163",0.9,0.533669923120631,10.0326420002321,159.6,"166, 183, 71, 220, 158",163,162,162.5
"164",0.8,0.132194114846603,10.0402253071802,160.4,"156, 164, 220, 84, 178",164,164,164
"165",0.9,0.1176811952435,10.0491281297313,161.6,"157, 166, 221, 85, 179",165,165,165
"166",0.7,0.148496826225446,10.0513208776146,162.2,"169, 162, 217, 86, 177",166,166,166
"167",0.3,0.298364724028334,10.055398665255,163.8,"185, 159, 202, 113, 160",167,167,167
"168",0.4,0.236448941264541,10.0568003096366,165.2,"180, 163, 212, 110, 161",168,168,168
"169",1,0.104761575278967,10.0709425662666,165.8,"160, 168, 226, 93, 182",169,170,169.5
"170",0.1,4.86260158006535,10.0743701931185,166.8,"139, 172, 121, 229, 173",170,171,170.5
"171",0.6,0.166810053720006,10.082636872864,168.8,"177, 165, 216, 102, 184",171,172,171.5
"172",0.3,1.70735264747069,10.0853098283268,169.4,"163, 184, 99, 234, 167",173,173.5,173.25
"173",0,31.2571584968824,10.1323669032124,165.6,"16, 119, 218, 276, 199",178,169,173.5
"174",0.6,0.849753435908644,10.0877169317755,169.4,"171, 191, 89, 230, 166",174,173.5,173.75
"175",0,1.91791026167249,10.0830338819902,170.2,"199, 137, 196, 154, 165",172,176,174
"176",0.5,0.187381742286038,10.1084804733745,170,"190, 170, 222, 104, 164",175,175,175
"177",0.2,0.376493580679247,10.1182739407499,173.6,"208, 174, 208, 108, 170",176,177,176.5
"178",0.1,0.599484250318941,10.125190407157,176.4,"217, 154, 194, 125, 192",177,178,177.5
"179",0.7,0.756463327554629,10.1437145004995,177.2,"175, 200, 95, 240, 176",179,179,179
"180",0.5,1.07226722201032,10.1517771058368,180.2,"174, 199, 104, 244, 180",180,181,180.5
"181",0.7,0.132194114846603,10.1582502185009,178.6,"197, 182, 237, 106, 171",182,180,181
"182",0.3,0.265608778294669,10.1554986466312,180.6,"206, 178, 224, 126, 169",181,182,181.5
"183",0.4,1.35304777457981,10.1617366641629,182.8,"173, 197, 109, 248, 187",183,185,184
"184",0.8,0.1176811952435,10.1683647368746,180.8,"193, 181, 240, 107, 183",185,183,184
"185",0.9,0.104761575278967,10.1690757404311,182,"194, 186, 243, 112, 175",186,184,185
"186",1,0.533669923120631,10.1660247724559,183.4,"183, 209, 98, 242, 185",184,187,185.5
"187",0.4,0.210490414451202,10.1764933603109,183.2,"213, 187, 228, 120, 168",189,186,187.5
"188",0.8,0.673415065775082,10.1728800065574,185.8,"181, 210, 105, 245, 188",187,189,188
"189",0.2,2.71858824273294,10.1758901694432,186.2,"167, 193, 127, 249, 195",188,190,189
"190",0.6,0.148496826225446,10.186283831399,185.6,"209, 188, 239, 111, 181",191,188,189.5
"191",0.9,0.599484250318941,10.1794366123444,187.6,"184, 212, 106, 246, 190",190,191.5,190.75
"192",1,0.093260334688322,10.1953031072696,188.2,"200, 190, 246, 116, 189",192,193,192.5
"193",0,1.70735264747069,10.2019642191989,193.8,"220, 161, 219, 178, 191",193,195,194
"194",0.5,0.166810053720006,10.2247112964964,192.6,"221, 192, 241, 123, 186",194,194,194
"195",0.2,0.335160265093884,10.2364741874655,196.2,"230, 179, 227, 152, 193",195,197,196
"196",0.1,5.46227721768434,10.2455965348915,197.2,"162, 205, 158, 255, 206",196,198,197
"197",0.6,0.954548456661834,10.2506746414807,196,"189, 221, 116, 257, 197",198,196,197
"198",0.3,1.91791026167249,10.2466332636715,197.6,"182, 215, 130, 260, 201",197,199,198
"199",0,35.1119173421513,10.3025046462246,187.6,"18, 160, 245, 291, 224",205,191.5,198.25
"200",0.7,0.1176811952435,10.270668409945,198.8,"219, 203, 251, 127, 194",200,200.5,200.25
"201",0.8,0.104761575278967,10.2756802552019,198.8,"214, 201, 252, 129, 198",202,200.5,201.25
"202",0.1,0.533669923120631,10.2666981154177,201.4,"243, 171, 225, 166, 202",199,204,201.5
"203",0.4,0.187381742286038,10.2745326200563,200,"224, 195, 247, 138, 196",201,202.5,201.75
"204",0.9,0.093260334688322,10.2811578718481,200,"211, 204, 255, 130, 200",203,202.5,202.75
"205",0.3,0.236448941264541,10.2960958243343,206,"231, 202, 244, 149, 204",204,207,205.5
"206",1,0.0830217568131974,10.305156985037,203.8,"216, 208, 259, 131, 205",206,205,205.5
"207",0.7,0.849753435908644,10.3116555872934,204.6,"196, 233, 123, 263, 208",208,206,207
"208",0.6,0.132194114846603,10.3110227512896,207,"228, 206, 253, 145, 203",207,209,208
"209",0.5,1.20450354025878,10.3215506612411,206.4,"192, 232, 132, 267, 209",209,208,208.5
"210",1,0.599484250318941,10.3315658433443,208,"203, 239, 122, 266, 210",210,210,210
"211",0.4,1.51991108295293,10.3346591025461,210,"191, 234, 138, 275, 212",211,211,211
"212",0.5,0.148496826225446,10.3443054755253,210.6,"235, 207, 257, 147, 207",213,212,212.5
"213",0.8,0.756463327554629,10.3405837596874,211,"202, 240, 129, 271, 213",212,213,212.5
"214",0.9,0.673415065775082,10.3454641391481,211.6,"205, 241, 126, 272, 214",214,214,214
"215",0.2,3.05385550883342,10.3514810384707,213,"187, 230, 154, 277, 217",215,215,215
"216",0,1.51991108295293,10.3645621742935,215,"255, 185, 232, 192, 211",216,216,216
"217",0.8,0.093260334688322,10.3930683727663,217,"241, 217, 270, 142, 215",218,217,217.5
"218",0.1,0.47508101621028,10.3859496700434,218.4,"267, 189, 248, 170, 218",217,218.5,217.75
"219",0.2,0.298364724028334,10.400598774293,218.4,"262, 198, 254, 159, 219",219,218.5,218.75
"220",0.9,0.0830217568131974,10.4007441434124,219.2,"240, 219, 273, 144, 220",220,220,220
"221",0.7,0.104761575278967,10.4079294370594,220.8,"245, 216, 269, 158, 216",221,221,221
"222",0.4,0.166810053720006,10.4144072556332,222.6,"247, 213, 271, 161, 221",222,223,222.5
"223",0.6,0.1176811952435,10.4233409276487,222,"239, 223, 276, 150, 222",224,222,223
"224",1,0.0739072203352578,10.4217652423151,222.8,"246, 220, 275, 148, 225",223,224,223.5
"225",0.3,2.15443469003188,10.4302065288266,223.8,"201, 251, 153, 285, 229",225,226,225.5
"226",0.6,1.07226722201032,10.4314212771194,223.4,"210, 252, 143, 286, 226",226,225,225.5
"227",0.3,0.210490414451202,10.4369507554159,225,"258, 211, 266, 167, 223",227,227,227
"228",0.1,6.13590727341317,10.4375833939094,226.8,"179, 242, 199, 282, 232",228,229,228.5
"229",0,39.4420605943766,10.4954926586561,226.4,"108, 194, 267, 311, 252",231,228,229.5
"230",0.5,0.132194114846603,10.4543527958987,228.4,"251, 218, 278, 168, 227",229,230,229.5
"231",0,1.35304777457981,10.4897413479508,232.8,"275, 196, 249, 214, 230",230,232,231
"232",0.7,0.954548456661834,10.4979024975262,231,"218, 263, 146, 292, 236",232,231,231.5
"233",0.5,1.35304777457981,10.5118802852688,233.6,"215, 265, 152, 296, 240",234,233,233.5
"234",0.8,0.0830217568131974,10.5109644739933,234.4,"260, 226, 281, 172, 233",233,234,233.5
"235",0.9,0.0739072203352578,10.5171621234461,235.4,"256, 227, 283, 174, 237",236,235,235.5
"236",0.7,0.093260334688322,10.5161320108713,235.6,"261, 225, 282, 176, 234",235,236.5,235.75
"237",1,0.673415065775082,10.5235408088416,235.6,"227, 270, 145, 295, 241",238,236.5,237.25
"238",0.4,1.70735264747069,10.5231627315572,236.4,"212, 267, 159, 299, 245",237,238,237.5
"239",0.8,0.849753435908644,10.5307267197668,237.6,"226, 272, 149, 298, 243",239,239,239
"240",0.2,3.43046928631492,10.5352541250266,240.6,"204, 264, 190, 297, 248",240,242,241
"241",0.9,0.756463327554629,10.5389573997706,238.8,"229, 273, 148, 300, 244",242,240,241
"242",1,0.0657933224657568,10.5369982242458,239,"263, 229, 288, 173, 242",241,241,241
"243",0.6,0.104761575278967,10.5537742766865,242.2,"269, 228, 290, 185, 239",244,243,243.5
"244",0.2,0.265608778294669,10.5537430455213,242.4,"282, 224, 277, 198, 231",243,244.5,243.75
"245",0.1,0.42292428743895,10.5579236813411,242.4,"292, 214, 272, 188, 246",245,244.5,244.75
"246",0.4,0.148496826225446,10.5626171496,243,"273, 236, 287, 191, 228",246,246,246
"247",0.3,0.187381742286038,10.5741635682367,244,"279, 235, 284, 187, 235",247,247,247
"248",0.3,2.42012826479438,10.6207130498755,250.4,"223, 282, 183, 307, 257",249,249,249
"249",0.5,0.1176811952435,10.613439083027,250.6,"277, 238, 298, 202, 238",248,250,249
"250",0.6,1.20450354025878,10.6316810259207,249.6,"232, 287, 165, 310, 254",250,248,249
"251",0.1,6.8926121043497,10.6346693096835,253,"198, 277, 229, 301, 260",251,251,251
"252",0,1.20450354025878,10.6391690903037,254.6,"296, 222, 274, 231, 250",252,252,252
"253",0.8,0.0739072203352578,10.6718859640144,256.6,"280, 244, 305, 207, 247",253,254,253.5
"254",0,44.3062145758388,10.6999810857423,255.4,"148, 237, 294, 329, 269",256,253,254.5
"255",0.7,0.0830217568131974,10.6798359702865,258.8,"284, 245, 306, 210, 249",254,256,255
"256",0.7,1.07226722201032,10.7052564020924,257.8,"244, 297, 173, 314, 261",257,255,256
"257",0.9,0.0657933224657568,10.6811813008742,259,"281, 247, 308, 208, 251",255,257.5,256.25
"258",0.5,1.51991108295293,10.7122193204178,259,"236, 298, 181, 316, 264",260,257.5,258.75
"259",0.1,0.376493580679247,10.7094299555042,261.2,"309, 231, 291, 213, 262",259,259.5,259.25
"260",0.4,0.132194114846603,10.7084531135297,261.4,"297, 248, 307, 197, 258",258,261.5,259.75
"261",0.4,1.91791026167249,10.7211206378883,261.2,"234, 299, 189, 318, 266",263,259.5,261.25
"262",0.6,0.093260334688322,10.7168355020971,263.2,"290, 250, 309, 211, 256",261,264,262.5
"263",1,0.0585702081805667,10.7204343950964,263.4,"286, 256, 310, 212, 253",262,265,263.5
"264",0.3,0.166810053720006,10.7243712725222,262.6,"301, 249, 301, 203, 259",265,263,264
"265",1,0.756463327554629,10.7320424641822,261.4,"249, 304, 174, 317, 263",267,261.5,264.25
"266",0.2,0.236448941264541,10.7228943194639,264,"302, 246, 299, 218, 255",264,267,265.5
"267",0.2,3.85352859371053,10.731216495402,264.2,"225, 301, 213, 312, 270",266,268,267
"268",0.8,0.954548456661834,10.7425658268813,263.8,"248, 306, 179, 319, 267",268,266,267
"269",0.9,0.849753435908644,10.7493893526594,265.6,"250, 310, 180, 320, 268",269,269,269
"270",0.5,0.104761575278967,10.7953550121176,272,"300, 254, 315, 226, 265",270,270,270
"271",0.3,2.71858824273294,10.8220539973035,273.2,"238, 318, 205, 325, 280",271,271,271
"272",0.8,0.0657933224657568,10.8292808679861,274.6,"303, 257, 317, 225, 271",272,272,272
"273",0.6,1.35304777457981,10.8455486590744,275.4,"252, 323, 195, 326, 281",275,273,274
"274",0.7,0.0739072203352578,10.8426008176571,276.8,"306, 258, 316, 232, 272",274,274,274
"275",0.9,0.0585702081805667,10.8401898662821,277,"305, 261, 318, 227, 274",273,275,274
"276",0,1.07226722201032,10.8486066167721,278.6,"333, 243, 285, 254, 278",276,276,276
"277",0.1,7.74263682681127,10.8507274611622,279.8,"222, 316, 256, 322, 283",277,277,277
"278",1,0.0521400828799968,10.8604103488606,280.8,"307, 268, 323, 233, 273",278,280,279
"279",0.2,0.210490414451202,10.8758955501704,280.4,"321, 255, 313, 237, 276",280,278.5,279.25
"280",0.6,0.0830217568131974,10.8725327538341,281.6,"311, 266, 319, 235, 277",279,281.5,280.25
"281",0,49.7702356433211,10.9195698996842,280.4,"176, 269, 320, 348, 289",284,278.5,281.25
"282",0.1,0.335160265093884,10.8804689239136,281.6,"329, 253, 303, 239, 284",281,281.5,281.25
"283",0.4,0.1176811952435,10.8884659667899,283,"318, 262, 324, 236, 275",282,283,282.5
"284",0.3,0.148496826225446,10.9044791719048,284.6,"322, 259, 322, 241, 279",283,285.5,284.25
"285",0.7,1.20450354025878,10.9247111681268,283.2,"259, 333, 204, 333, 287",285,284,284.5
"286",0.5,1.70735264747069,10.9319112511865,284.6,"254, 334, 210, 334, 291",286,285.5,285.75
"287",0.2,4.32876128108306,10.9383251783173,287,"242, 332, 234, 332, 295",287,288,287.5
"288",0.4,2.15443469003188,10.9398839453597,286.8,"253, 335, 215, 337, 294",289,287,288
"289",0.5,0.093260334688322,10.9389360859327,289.6,"320, 271, 332, 243, 282",288,290,289
"290",1,0.849753435908644,10.9592746233165,289,"270, 339, 207, 336, 293",290,289,289.5
"291",0.7,0.0657933224657568,10.9654849708238,290.8,"327, 280, 338, 223, 286",291,292,291.5
"292",0.8,1.07226722201032,10.9674186110799,290.4,"268, 340, 209, 338, 297",292,291,291.5
"293",0.9,0.954548456661834,10.9764981198548,292.4,"271, 342, 211, 339, 299",293,293,293
"294",0.8,0.0585702081805667,10.9908608599762,294.6,"324, 276, 337, 251, 285",294,294,294
"295",1,0.0464158883361278,10.9931473103403,295.2,"328, 284, 344, 224, 296",295,295,295
"296",0,0.954548456661834,11.0109827228093,296.4,"356, 260, 302, 274, 290",297,296,296.5
"297",0.9,0.0521400828799968,11.0070673667228,297.6,"325, 281, 342, 252, 288",296,298.5,297.25
"298",0.2,0.187381742286038,11.0135158293529,297.6,"339, 275, 327, 247, 300",298,298.5,298.25
"299",0.3,3.05385550883342,11.0446876004425,297.2,"257, 350, 231, 344, 304",302,297,299.5
"300",0.3,0.132194114846603,11.0386618564422,299.6,"341, 278, 340, 238, 301",300,300.5,300.25
"301",0.6,0.0739072203352578,11.0386043233452,301.4,"331, 283, 343, 258, 292",299,303,301
"302",0.1,0.298364724028334,11.0427280069144,299.8,"351, 274, 312, 259, 303",301,302,301.5
"303",0.6,1.51991108295293,11.0706801799071,299.6,"272, 351, 223, 345, 307",304,300.5,302.25
"304",0.4,0.104761575278967,11.0554612955622,303.2,"337, 279, 341, 261, 298",303,305,304
"305",0.1,8.69749002617784,11.073635449517,301.8,"237, 345, 280, 342, 305",305,304,304.5
"306",0,55.9081018251222,11.1544501914702,307.8,"207, 302, 350, 372, 308",307,306,306.5
"307",0.5,0.0830217568131974,11.1083377345839,309,"342, 286, 346, 269, 302",306,309,307.5
"308",0.5,1.91791026167249,11.1585935481644,308,"276, 366, 235, 350, 313",309,307,308
"309",0.7,1.35304777457981,11.1576108147345,308.2,"283, 365, 230, 349, 314",308,308,308
"310",0.4,2.42012826479438,11.1669527797866,310.6,"274, 367, 242, 355, 315",311,310.5,310.75
"311",0.2,4.86260158006535,11.1673616403796,310.6,"266, 364, 260, 353, 310",312,310.5,311.25
"312",1,0.0413201240011534,11.1654147416071,313.8,"350, 296, 355, 250, 318",310,314.5,312.25
"313",0,0.849753435908644,11.1707817455695,313.2,"372, 285, 314, 289, 306",313,312,312.5
"314",0.2,0.166810053720006,11.1851012023044,313.8,"362, 288, 335, 268, 316",316,314.5,315.25
"315",0.8,0.0521400828799968,11.177153549851,314.8,"345, 289, 352, 279, 309",314,317,315.5
"316",1,0.954548456661834,11.1965261753135,313.6,"293, 370, 233, 352, 320",319,313,316
"317",0.4,0.093260334688322,11.1787350931312,315.2,"360, 293, 345, 256, 322",315,318,316.5
"318",0.8,1.20450354025878,11.2004124195711,314.6,"289, 373, 236, 354, 321",320,316,318
"319",0.7,0.0585702081805667,11.1874320679481,316.8,"349, 292, 351, 281, 311",317,320,318.5
"320",0.9,0.0464158883361278,11.1878029983922,317.6,"348, 294, 354, 280, 312",318,321,319.5
"321",0.9,1.07226722201032,11.2108536623265,316.4,"291, 374, 238, 356, 323",321,319,320
"322",0.1,0.265608778294669,11.2197265927075,317.8,"367, 290, 331, 284, 317",323,322,322.5
"323",0.6,0.0657933224657568,11.214043685791,319.2,"355, 291, 348, 283, 319",322,323,322.5
"324",0.3,3.43046928631492,11.2724067597628,320.8,"278, 383, 258, 359, 326",325,324,324.5
"325",0.3,0.1176811952435,11.2656698494154,326.4,"363, 295, 377, 273, 324",324,328,326
"326",0.5,0.0739072203352578,11.2847598906775,325.8,"364, 300, 349, 288, 328",326,326.5,326.25
"327",0.8,0.0464158883361278,11.2924961764065,325.8,"368, 305, 357, 262, 337",327,326.5,326.75
"328",0.6,1.70735264747069,11.3048291242669,323.6,"294, 385, 250, 360, 329",330,325,327.5
"329",0.7,0.0521400828799968,11.3022256236136,328.4,"374, 307, 356, 265, 340",328,330,329
"330",0.1,9.77009957299225,11.3175898041622,326.6,"264, 376, 304, 362, 327",331,329,330
"331",0.9,0.0413201240011534,11.3032131158855,328.6,"370, 308, 358, 264, 343",329,331,330
"332",1,0.0367837977182863,11.332856335375,333,"376, 311, 360, 270, 348",332,335,333.5
"333",0,0.756463327554629,11.3517334293908,332.8,"393, 303, 334, 309, 325",334,334,334
"334",0.7,1.51991108295293,11.3850242610485,330.8,"304, 390, 261, 366, 333",336,332,334
"335",0.5,2.15443469003188,11.3898320315568,332.4,"298, 394, 263, 369, 338",337,333,335
"336",0.6,0.0585702081805667,11.3476658438816,335.2,"378, 313, 361, 278, 346",333,339.5,336.25
"337",0.4,2.71858824273294,11.3954832109768,333.6,"295, 395, 268, 371, 339",338,336.5,337.25
"338",0.2,5.46227721768434,11.4023849899988,333.6,"285, 388, 286, 375, 334",339,336.5,337.75
"339",0.4,0.0830217568131974,11.3800350556704,337,"382, 312, 359, 287, 345",335,341,338
"340",0,62.8029144183425,11.4036731413024,334.4,"233, 331, 381, 396, 331",340,338,339
"341",1,1.07226722201032,11.4127731493209,335.2,"312, 396, 262, 370, 336",341,339.5,340.25
"342",0.8,1.35304777457981,11.4215825704638,337.2,"310, 397, 264, 373, 342",343,342,342.5
"343",0.2,0.148496826225446,11.4185388650742,339.6,"384, 309, 379, 294, 332",342,344,343
"344",0.9,1.20450354025878,11.4290078494447,338.2,"313, 398, 265, 374, 341",344,343,343.5
"345",0.1,0.236448941264541,11.4377796376576,342.6,"390, 315, 373, 305, 330",345,345,345
"346",0.3,0.104761575278967,11.4583905626012,343.2,"385, 314, 383, 290, 344",346,346,346
"347",0.3,3.85352859371053,11.517575019594,345.6,"299, 407, 289, 382, 351",350,347,348.5
"348",0.5,0.0657933224657568,11.4961966138136,347,"389, 317, 389, 293, 347",348,349,348.5
"349",0.8,0.0413201240011534,11.4910063226514,347.4,"394, 319, 370, 302, 352",347,350,348.5
"350",0.6,1.91791026167249,11.5223295334824,345.8,"315, 406, 279, 380, 349",352,348,350
"351",0.9,0.0367837977182863,11.5040881651848,349.2,"395, 320, 374, 303, 354",349,351,350
"352",0,0.673415065775082,11.5210497323967,349.4,"416, 325, 347, 324, 335",351,352,351.5
"353",0.7,0.0464158883361278,11.5246951394994,351.8,"396, 321, 372, 304, 366",353,353,353
"354",0.1,10.9749876549306,11.5914345113303,353.4,"287, 402, 339, 386, 353",355,354,354.5
"355",0.2,0.132194114846603,11.5598661753018,354.2,"407, 326, 366, 315, 357",354,355.5,354.75
"356",0.7,1.70735264747069,11.6024508341477,354.2,"326, 409, 292, 388, 356",357,355.5,356.25
"357",0.1,0.210490414451202,11.60012315527,357.6,"419, 330, 362, 327, 350",356,359,357.5
"358",0.5,2.42012826479438,11.6124641021294,355.4,"319, 411, 297, 390, 360",358,357,357.5
"359",0.4,3.05385550883342,11.6248110575604,357.2,"317, 412, 300, 392, 365",361,358,359.5
"360",0.6,0.0521400828799968,11.6210500959591,359,"405, 324, 396, 308, 362",360,362,361
"361",1,0.0327454916287773,11.6142432775943,359.2,"404, 322, 400, 306, 364",359,363,361
"362",1,1.20450354025878,11.636369277792,358.2,"334, 413, 293, 393, 358",362,360,361
"363",0.8,1.51991108295293,11.6438261596466,358.8,"330, 415, 295, 395, 359",363,361,362
"364",0.4,0.0739072203352578,11.6503287689116,361.6,"406, 327, 393, 313, 369",364,366,365
"365",0.9,1.35304777457981,11.6534382418346,361.4,"335, 416, 296, 399, 361",365,365,365
"366",0,70.5480231071865,11.6705667387758,361,"265, 360, 398, 419, 363",367,364,365.5
"367",0.3,0.093260334688322,11.6619496469954,363,"411, 328, 388, 321, 367",366,367.5,366.75
"368",0.2,6.13590727341317,11.6727099023827,363,"308, 417, 321, 401, 368",368,367.5,367.75
"369",0,0.599484250318941,11.6946098110575,366.8,"430, 343, 365, 341, 355",369,369,369
"370",0.5,0.0585702081805667,11.7140917375675,367.4,"415, 329, 397, 323, 373",370,370,370
"371",0.6,2.15443469003188,11.7531304057807,369.2,"336, 424, 311, 405, 370",371,371,371
"372",0.3,4.32876128108306,11.7639406155359,370.4,"323, 425, 325, 404, 375",372,372,372
"373",0.8,0.0367837977182863,11.8085743142473,375.8,"422, 336, 409, 328, 384",373,373,373
"374",0.7,0.0413201240011534,11.821818368277,377.2,"424, 338, 408, 331, 385",374,374,374
"375",0.9,0.0327454916287773,11.8255831650328,378.2,"425, 337, 410, 330, 389",375,376,375.5
"376",0.7,1.91791026167249,11.8350425736635,377.8,"347, 428, 326, 414, 374",377,375,376
"377",0.2,0.1176811952435,11.8289204437691,378.4,"434, 346, 390, 343, 379",376,377,376.5
"378",0.5,2.71858824273294,11.8503779565451,380.4,"343, 431, 333, 415, 380",378,379,378.5
"379",0.1,0.187381742286038,11.8528393190704,379.6,"440, 355, 386, 346, 371",380,378,379
"380",0,0.533669923120631,11.8503979630919,381,"447, 353, 375, 358, 372",379,380,379.5
"381",1,1.35304777457981,11.8680846037486,381.6,"354, 432, 328, 418, 376",381,382,381.5
"382",0.4,3.43046928631492,11.8683763017677,381.2,"338, 434, 336, 417, 381",383,381,382
"383",0.6,0.0464158883361278,11.8681834250686,383,"429, 344, 411, 340, 391",382,385,383.5
"384",1,0.0291505306282518,11.8725635625628,382.4,"431, 341, 412, 335, 393",384,383.5,383.75
"385",0.8,1.70735264747069,11.876643731802,382.4,"352, 433, 329, 420, 378",385,383.5,384.25
"386",0.9,1.51991108295293,11.8844072556165,383.4,"353, 435, 330, 422, 377",386,386,386
"387",0.4,0.0657933224657568,11.8953835709762,384.2,"436, 347, 403, 347, 388",388,387,387.5
"388",0.1,12.3284673944207,11.8916343013828,385.2,"314, 436, 378, 416, 382",387,389.5,388.25
"389",0,79.2482898353917,11.9410769071883,385,"288, 387, 429, 438, 383",390,388,389
"390",0.3,0.0830217568131974,11.911995189516,385.2,"439, 348, 402, 351, 386",389,389.5,389.25
"391",0.2,6.8926121043497,11.9519870462404,390,"332, 440, 363, 423, 392",391,391,391
"392",0.5,0.0521400828799968,11.9818576924007,392.8,"443, 349, 414, 357, 401",392,393,392.5
"393",0.6,2.42012826479438,11.9968734072754,392.6,"357, 437, 353, 426, 390",393,392,392.5
"394",0.3,4.86260158006535,12.0227467644273,396.8,"346, 444, 368, 428, 398",394,394,394
"395",0,0.47508101621028,12.0265870271323,397.4,"464, 375, 382, 379, 387",395,395.5,395.25
"396",0.1,0.166810053720006,12.0590415489996,397.4,"459, 362, 407, 365, 394",397,395.5,396.25
"397",0.2,0.104761575278967,12.05686307898,397.6,"457, 368, 405, 361, 397",396,397,396.5
"398",0.8,0.0327454916287773,12.0706947044042,398,"448, 352, 421, 364, 405",398,398,398
"399",0.7,0.0367837977182863,12.0828232256107,399.8,"451, 356, 419, 367, 406",399,399,399
"400",0.7,2.15443469003188,12.0883564325504,401.8,"365, 445, 367, 437, 395",400,401,400.5
"401",0.9,0.0291505306282518,12.0889210611339,400.4,"450, 354, 423, 368, 407",401,400,400.5
"402",0.3,0.0739072203352578,12.1093927032715,402.4,"468, 357, 416, 363, 408",404,402,403
"403",1,1.51991108295293,12.1085002479598,404.2,"371, 450, 364, 440, 396",403,404,403.5
"404",0.4,0.0585702081805667,12.1154371196084,403.8,"452, 363, 417, 378, 409",405,403,404
"405",0.5,3.05385550883342,12.1053431113667,405,"361, 447, 376, 439, 402",402,406,404
"406",0.8,1.91791026167249,12.1263840833711,407,"369, 453, 371, 442, 400",406,408,407
"407",1,0.0259502421139974,12.1298781360384,404.8,"453, 358, 424, 376, 413",409,405,407
"408",0.4,3.85352859371053,12.1296889505456,407.2,"359, 452, 380, 441, 404",407,409,408
"409",0.6,0.0413201240011534,12.1304791436357,405.2,"454, 359, 422, 377, 414",410,407,408.5
"410",0.9,1.70735264747069,12.1297627970021,408.2,"375, 455, 369, 443, 399",408,410,409
"411",0.5,0.0464158883361278,12.1814656056402,409.2,"461, 361, 425, 381, 418",411,411,411
"412",0,0.42292428743895,12.1925813481437,409.4,"474, 386, 387, 397, 403",412,412,412
"413",0,89.0215085445039,12.2265440414405,414.2,"316, 419, 465, 461, 410",413,413.5,413.25
"414",0.1,13.8488637139387,12.2279309315202,414.2,"344, 463, 404, 445, 415",414,413.5,413.75
"415",0.1,0.148496826225446,12.2362607058245,414.6,"480, 379, 413, 389, 412",415,415,415
"416",0.2,7.74263682681127,12.2415559253673,415.2,"358, 460, 394, 447, 417",416,416,416
"417",0.6,2.71858824273294,12.2617363856563,415.8,"377, 457, 384, 450, 411",417,417,417
"418",0.2,0.093260334688322,12.2710394080205,417.6,"481, 380, 420, 383, 424",418,418,418
"419",0.8,0.0291505306282518,12.2799697599564,418.2,"469, 369, 435, 391, 427",419,419,419
"420",0.7,0.0327454916287773,12.2874312177675,419.8,"470, 371, 436, 394, 428",420,420,420
"421",0.3,5.46227721768434,12.3067175263827,420,"366, 461, 399, 453, 421",422,421,421.5
"422",0.9,0.0259502421139974,12.2989709840519,421.8,"471, 372, 438, 398, 430",421,422,421.5
"423",0.6,0.0367837977182863,12.3089663595144,422,"475, 378, 439, 384, 434",423,423,423
"424",0.4,0.0521400828799968,12.3287731620432,423,"486, 381, 432, 385, 431",424,425,424.5
"425",0.3,0.0657933224657568,12.3429545984285,423,"487, 382, 430, 387, 429",426,425,425.5
"426",0.7,2.42012826479438,12.344099003194,423,"383, 462, 391, 459, 420",427,425,426
"427",1,0.0231012970008316,12.3379144412928,425.6,"473, 377, 441, 402, 435",425,429,427
"428",1,1.70735264747069,12.3583446633759,423.8,"387, 464, 385, 464, 419",428,427,427.5
"429",0,0.376493580679247,12.3756429576274,425.2,"491, 405, 401, 413, 416",429,428,428.5
"430",0.8,2.15443469003188,12.3807206768248,427,"386, 466, 395, 465, 423",430,430,430
"431",0.9,1.91791026167249,12.3826571936592,427.2,"388, 467, 392, 467, 422",431,431,431
"432",0.5,3.43046928631492,12.3856956092862,427.4,"381, 465, 406, 460, 425",432,432,432
"433",0.4,4.32876128108306,12.4193656974169,430.6,"380, 469, 415, 463, 426",433,433,433
"434",0.5,0.0413201240011534,12.4201885814356,430.8,"489, 384, 443, 400, 438",434,434,434
"435",0.1,0.132194114846603,12.4635152047244,432.8,"499, 393, 428, 411, 433",435,435,435
"436",0.2,0.0830217568131974,12.5110248552185,438.2,"501, 400, 440, 408, 442",436,437,436.5
"437",0.8,0.0259502421139974,12.5187095678951,436.8,"494, 389, 448, 403, 450",438,436,437
"438",0.7,0.0291505306282518,12.5321645931983,438.4,"497, 391, 447, 406, 451",440,438,439
"439",0.6,3.05385550883342,12.5311115999099,440.2,"392, 474, 426, 473, 436",439,440,439.5
"440",0.9,0.0231012970008316,12.5337492717548,439.4,"495, 392, 451, 407, 452",441,439,440
"441",0,100,12.5178609001879,444,"340, 456, 505, 482, 437",437,443.5,440.25
"442",0,0.335160265093884,12.5618937980722,441.2,"508, 423, 418, 425, 432",443,441,442
"443",1,0.0205651230834865,12.577588190415,443.4,"500, 399, 455, 409, 454",444,442,443
"444",0.2,8.69749002617784,12.5554392135295,444.4,"379, 484, 444, 471, 444",442,445,443.5
"445",0.6,0.0327454916287773,12.5819497036503,444,"504, 401, 450, 410, 455",446,443.5,444.75
"446",0.1,15.5567614393047,12.5789551272599,446.6,"373, 489, 454, 469, 448",445,448,446.5
"447",0.4,0.0464158883361278,12.5981745162583,445.6,"507, 403, 449, 412, 457",447,446,446.5
"448",1,1.91791026167249,12.601581163625,446.2,"399, 480, 427, 486, 439",448,447,447.5
"449",0.3,0.0585702081805667,12.6217959406986,447,"509, 404, 445, 421, 456",450,449,449.5
"450",0.7,2.71858824273294,12.6039984922616,447.2,"397, 481, 434, 483, 441",449,450,449.5
"451",0.3,6.13590727341317,12.6220738166197,450.6,"391, 485, 453, 477, 447",451,453,452
"452",0.9,2.15443469003188,12.6298690169566,449.4,"401, 482, 431, 490, 443",452,452,452
"453",0.1,0.1176811952435,12.6521106037521,448.4,"517, 414, 442, 429, 440",454,451,452.5
"454",0.8,2.42012826479438,12.6337870035302,450.8,"402, 483, 437, 487, 445",453,454,453.5
"455",0.2,0.0739072203352578,12.7163544195116,452.2,"518, 410, 446, 427, 460",457,455,456
"456",0.5,0.0367837977182863,12.7019699589268,452.6,"510, 408, 458, 424, 463",456,456,456
"457",0.5,3.85352859371053,12.6687750984817,454.6,"398, 486, 456, 484, 449",455,457,456
"458",0,0.298364724028334,12.7586631889563,458.4,"526, 441, 433, 446, 446",459,458,458.5
"459",0.4,4.86260158006535,12.7280102198461,460.6,"403, 488, 471, 488, 453",458,460,459
"460",0.8,0.0231012970008316,12.7829423392179,459.4,"513, 418, 464, 430, 472",460,459,459.5
"461",0.7,0.0259502421139974,12.7931314745747,461,"516, 421, 462, 431, 475",461,461,461
"462",0.3,0.0521400828799968,12.8025480302103,461.2,"524, 420, 459, 435, 468",463,462,462.5
"463",0.9,0.0205651230834865,12.8016874621803,462.2,"515, 422, 466, 432, 476",462,463,462.5
"464",0.6,0.0291505306282518,12.8242389485861,463.6,"521, 427, 463, 434, 473",465,464,464.5
"465",0.6,3.43046928631492,12.8039603365527,465.8,"409, 490, 476, 496, 458",464,466,465
"466",0.4,0.0413201240011534,12.8308780788732,464.2,"527, 430, 461, 433, 470",466,465,465.5
"467",1,0.0183073828029537,12.8434037348103,466.2,"520, 426, 469, 436, 480",467,467,467
"468",1,2.15443469003188,12.8725713167805,470.8,"410, 494, 480, 509, 461",468,470,469
"469",0.1,0.104761575278967,12.9033355744805,469.2,"533, 443, 457, 448, 465",471,468,469.5
"470",0.5,0.0327454916287773,12.8950453692532,470.4,"531, 429, 467, 444, 481",470,469,469.5
"471",0.7,3.05385550883342,12.8815826807974,473.4,"412, 495, 491, 507, 462",469,472,470.5
"472",0.9,2.42012826479438,12.9047899910858,475,"413, 496, 489, 513, 464",472,473,472.5
"473",0.2,0.0657933224657568,12.941953750415,472.2,"536, 438, 460, 449, 478",475,471,473
"474",0.2,9.77009957299225,12.9061761469582,476.2,"408, 505, 504, 497, 467",473,475,474
"475",0.8,2.71858824273294,12.9104476944101,476,"414, 498, 492, 510, 466",474,474,474
"476",0,0.265608778294669,12.9870684648214,476.8,"552, 459, 452, 462, 459",479,476,477.5
"477",0.1,17.4752840000768,12.9494037188194,479.8,"400, 514, 509, 499, 477",476,479,477.5
"478",0.8,0.0205651230834865,13.0013698384136,477,"535, 439, 475, 451, 485",480,477,478.5
"479",0.7,0.0231012970008316,13.0088927629858,478.2,"538, 442, 473, 452, 486",481,478,479.5
"480",0.5,4.32876128108306,12.9652693462807,481,"418, 501, 507, 508, 471",478,482.5,480.25
"481",0.3,6.8926121043497,12.9569094707722,481.4,"417, 506, 512, 503, 469",477,484,480.5
"482",0.9,0.0183073828029537,13.0232924366315,480,"534, 446, 478, 454, 488",482,480,481
"483",0.3,0.0464158883361278,13.0291331702643,480.2,"541, 451, 468, 457, 484",483,481,482
"484",0.4,0.0367837977182863,13.0359695896104,481,"542, 449, 472, 455, 487",484,482.5,483.25
"485",0.6,0.0259502421139974,13.0475705070813,482.4,"543, 448, 474, 456, 491",486,485,485.5
"486",0.4,5.46227721768434,13.0429396700909,488.8,"420, 508, 525, 512, 479",485,487,486
"487",1,0.0162975083462064,13.0597810312668,485,"540, 454, 481, 458, 492",487,486,486.5
"488",0.5,0.0291505306282518,13.1248291604229,489.6,"550, 458, 477, 466, 497",489,488,488.5
"489",0.6,3.85352859371053,13.0998338327191,491.6,"421, 510, 522, 523, 482",488,489.5,488.75
"490",0.1,0.093260334688322,13.1765689884836,491.6,"554, 470, 470, 468, 496",492,489.5,490.75
"491",1,2.42012826479438,13.1606606658429,495,"423, 512, 519, 532, 489",490,492,491
"492",0.2,0.0585702081805667,13.1842141977424,493.8,"558, 468, 479, 470, 494",493,491,492
"493",0.7,3.43046928631492,13.1763490437638,497.6,"426, 515, 529, 528, 490",491,495,493
"494",0,0.236448941264541,13.2036075028986,495.8,"572, 475, 482, 476, 474",495,493,494
"495",0.8,0.0183073828029537,13.232767451418,496.6,"553, 471, 484, 472, 503",497,494,495.5
"496",0.9,2.71858824273294,13.1991829958465,498.8,"427, 516, 523, 535, 493",494,497,495.5
"497",0.7,0.0205651230834865,13.2382467010523,498,"557, 472, 483, 474, 504",498,496,497
"498",0.8,3.05385550883342,13.2067867452404,501,"428, 518, 530, 534, 495",496,499,497.5
"499",0.9,0.0162975083462064,13.2531748918603,499.8,"559, 473, 486, 475, 506",499,498,498.5
"500",0.4,0.0327454916287773,13.2778415371248,501.8,"563, 476, 487, 478, 505",501,501,501
"501",0.3,0.0413201240011534,13.2801023210006,501.4,"564, 477, 485, 479, 502",503,500,501.5
"502",0.5,4.86260158006535,13.2746430333062,505.4,"432, 519, 546, 530, 500",500,504,502
"503",0.6,0.0231012970008316,13.2784994537585,503,"560, 478, 488, 480, 509",502,502,502
"504",1,0.0145082877849594,13.2904427971341,503.8,"561, 479, 490, 481, 508",505,503,504
"505",0.2,10.9749876549306,13.2815583057061,507.8,"435, 527, 555, 524, 498",504,505,504.5
"506",0.3,7.74263682681127,13.3108600029948,509.8,"437, 526, 560, 527, 499",506,506,506
"507",0.1,19.6304065004027,13.3431054220581,512.8,"433, 539, 559, 526, 507",507,509,508
"508",0,0.210490414451202,13.4025014324324,510,"586, 491, 498, 492, 483",510,507,508.5
"509",0.5,0.0259502421139974,13.3749549904629,510.4,"571, 487, 493, 485, 516",509,508,508.5
"510",0.4,6.13590727341317,13.3638467642836,514.6,"438, 530, 562, 533, 510",508,512,510
"511",0.2,0.0521400828799968,13.424132073629,513.4,"576, 493, 494, 491, 513",512,510,511
"512",0.8,0.0162975083462064,13.4519299418876,514.2,"575, 497, 495, 493, 511",514,511,512.5
"513",0.1,0.0830217568131974,13.4430965796585,515.4,"574, 492, 503, 489, 519",513,513,513
"514",0.6,4.32876128108306,13.4187627415049,517.6,"441, 531, 557, 541, 518",511,516,513.5
"515",0.7,0.0183073828029537,13.459387438623,515.6,"577, 499, 496, 494, 512",515,514,514.5
"516",0.9,0.0145082877849594,13.4718368820161,516.8,"578, 500, 497, 495, 514",516,515,515.5
"517",0.6,0.0205651230834865,13.501411951149,520.4,"582, 504, 501, 500, 515",518,517,517.5
"518",1,2.71858824273294,13.4820564835605,521.4,"442, 532, 549, 558, 526",517,518.5,517.75
"519",1,0.0129154966501488,13.5134347879316,521.8,"581, 507, 502, 502, 517",520,520,520
"520",0.4,0.0291505306282518,13.5245955121824,521.4,"583, 502, 500, 498, 524",522,518.5,520.25
"521",0.7,3.85352859371053,13.5030917471126,524.6,"445, 535, 564, 551, 528",519,522,520.5
"522",0.3,0.0367837977182863,13.5243875418643,522,"584, 503, 499, 501, 523",521,521,521
"523",0.9,3.05385550883342,13.5262862452449,526.8,"444, 536, 561, 559, 534",523,524.5,523.75
"524",0,0.187381742286038,13.6016664078945,526.2,"601, 509, 514, 506, 501",526,523,524.5
"525",0.5,0.0231012970008316,13.5896173134933,526.8,"592, 511, 506, 505, 520",525,524.5,524.75
"526",0.8,3.43046928631492,13.5357914928348,528.2,"446, 537, 565, 557, 536",524,526,525
"527",0.2,0.0464158883361278,13.6509432784888,530.6,"596, 517, 508, 511, 521",528,527,527.5
"528",0.5,5.46227721768434,13.6136378844769,532.6,"449, 541, 580, 553, 540",527,528,527.5
"529",0.1,0.0739072203352578,13.6751583819634,533.4,"597, 513, 520, 504, 533",531,530,530.5
"530",0.8,0.0145082877849594,13.6947356095522,532.8,"595, 520, 510, 514, 525",532,529,530.5
"531",0.3,8.69749002617784,13.6608302679808,536.8,"456, 548, 594, 548, 538",529,533,531
"532",0.2,12.3284673944207,13.6734978894299,538.2,"458, 552, 597, 547, 537",530,534,532
"533",0.7,0.0162975083462064,13.702564855004,534.6,"599, 521, 511, 515, 527",533,531,532
"534",0.9,0.0129154966501488,13.7129458097119,535.6,"598, 522, 513, 516, 529",535,532,533.5
"535",0.4,0.0259502421139974,13.7467092880899,538.6,"603, 525, 515, 519, 531",537,535.5,536.25
"536",0.4,6.8926121043497,13.712765128243,540.2,"455, 550, 596, 556, 544",534,539,536.5
"537",0.6,0.0183073828029537,13.7441146940739,539.2,"602, 528, 517, 517, 532",536,537,536.5
"538",0.3,0.0327454916287773,13.7473765504466,538.6,"604, 523, 516, 520, 530",538,535.5,536.75
"539",1,0.0114975699539774,13.752358112732,540,"600, 529, 518, 518, 535",539,538,538.5
"540",0.1,22.0513073990305,13.7556091429294,545,"463, 561, 607, 552, 542",540,541.5,540.75
"541",0,0.166810053720006,13.8000950479855,543.2,"618, 524, 531, 521, 522",542,540,541
"542",0.6,4.86260158006535,13.781448502147,546.6,"460, 551, 593, 575, 554",541,543,542
"543",0.5,0.0205651230834865,13.8393205408495,545,"607, 533, 521, 525, 539",543,541.5,542.25
"544",0.1,0.0657933224657568,13.8700162949313,548.6,"608, 534, 536, 522, 543",545,544,544.5
"545",1,3.05385550883342,13.84354646335,550,"462, 554, 586, 589, 559",544,545,544.5
"546",0.2,0.0413201240011534,13.9201936250579,550.6,"613, 538, 524, 529, 549",549,546,547.5
"547",0.7,4.32876128108306,13.8775368773774,554,"466, 558, 602, 582, 562",546,549,547.5
"548",0.8,0.0129154966501488,13.9652499077795,552.4,"610, 542, 526, 539, 545",550,547,548.5
"549",0.7,0.0145082877849594,13.9769061381502,553.8,"612, 544, 527, 540, 546",551,548,549.5
"550",0.9,3.43046928631492,13.8932091009722,557.2,"465, 559, 600, 594, 568",547,552,549.5
"551",0.8,3.85352859371053,13.9081207036684,558.6,"467, 560, 603, 593, 570",548,554,551
"552",0.9,0.0114975699539774,13.9839301439392,555.2,"611, 546, 528, 544, 547",552,550,551
"553",0,0.148496826225446,13.9987944015898,556.6,"629, 540, 542, 531, 541",554,551,552.5
"554",0.3,0.0291505306282518,14.019647963391,558.2,"622, 543, 535, 538, 553",555,553,554
"555",0.6,0.0162975083462064,14.0219541906025,559,"623, 547, 532, 545, 548",556,555,555.5
"556",0.5,6.13590727341317,13.9936250899879,565.2,"472, 566, 623, 587, 578",553,560,556.5
"557",1,0.0102353102189903,14.0235808852408,559.2,"617, 549, 534, 546, 550",557,556,556.5
"558",0.4,0.0231012970008316,14.0357664138219,560.2,"625, 545, 533, 543, 555",558,557,557.5
"559",0.1,0.0585702081805667,14.066768179553,562.2,"626, 553, 545, 536, 551",560,558,559
"560",0.3,9.77009957299225,14.0406700530409,568.6,"476, 572, 635, 581, 579",559,562.5,560.75
"561",0.5,0.0183073828029537,14.1231787863381,565.2,"627, 555, 537, 550, 557",563,560,561.5
"562",0.2,0.0367837977182863,14.1371151150546,565.2,"628, 557, 548, 537, 556",564,560,562
"563",0.2,13.8488637139387,14.0717016632455,571.4,"485, 576, 640, 579, 577",561,565,563
"564",0,0.132194114846603,14.1958893384408,568.6,"643, 556, 550, 542, 552",567,562.5,564.75
"565",0.4,7.74263682681127,14.0962328658682,573.8,"477, 574, 636, 595, 587",562,569.5,565.75
"566",0.8,0.0114975699539774,14.2211151481624,571,"630, 565, 538, 561, 561",569,564,566.5
"567",0.7,0.0129154966501488,14.2254923754953,571.6,"632, 564, 539, 563, 560",570,566,568
"568",0.3,0.0259502421139974,14.2355420258647,572.8,"636, 562, 554, 549, 563",571,568,569.5
"569",0.4,0.0205651230834865,14.238216006623,572.6,"633, 563, 541, 562, 564",573,567,570
"570",0.6,5.46227721768434,14.1523852626958,579.4,"479, 578, 634, 607, 599",565,575,570
"571",0.1,24.7707635599171,14.1861522625259,581.8,"488, 590, 649, 592, 590",566,577,571.5
"572",0.9,0.0102353102189903,14.238340988391,573.8,"631, 568, 540, 565, 565",574,569.5,571.75
"573",1,3.43046928631492,14.2026441036879,583.4,"478, 577, 631, 624, 607",568,578,573
"574",0.6,0.0145082877849594,14.2564079211596,576,"638, 567, 543, 566, 566",576,571,573.5
"575",1,0.00911162756115489,14.2751239209806,576.8,"634, 570, 544, 569, 567",578,572,575
"576",0.1,0.0521400828799968,14.3130256204975,577.4,"644, 569, 556, 560, 558",580,573,576.5
"577",0.5,0.0162975083462064,14.3129122937704,579.2,"640, 573, 547, 564, 572",579,574,576.5
"578",0.7,4.86260158006535,14.2374987478267,586.2,"483, 580, 639, 619, 610",572,581,576.5
"579",0.2,0.0327454916287773,14.3172868927158,580.2,"639, 575, 563, 555, 569",581,576,578.5
"580",0.9,3.85352859371053,14.2539065645011,588,"482, 579, 637, 629, 613",575,584,579.5
"581",0,0.1176811952435,14.384790439692,584.2,"659, 571, 566, 554, 571",583,579,581
"582",0.8,4.32876128108306,14.2700104312019,589.8,"484, 582, 641, 628, 614",577,586,581.5
"583",0.8,0.0102353102189903,14.4045221932473,586,"648, 581, 551, 570, 580",584,580,582
"584",0.3,0.0231012970008316,14.4076151752131,586.6,"642, 584, 567, 567, 573",585,582,583.5
"585",0.7,0.0114975699539774,14.4110362797852,587.6,"651, 583, 552, 571, 581",586,583,584.5
"586",0.9,0.00911162756115489,14.4228860175709,589,"652, 585, 553, 573, 582",588,585,586.5
"587",0.5,6.8926121043497,14.3590171256303,597.4,"490, 592, 660, 622, 623",582,592,587
"588",0.4,0.0183073828029537,14.450700975641,590.8,"657, 586, 568, 568, 575",589,587,588
"589",1,0.00811130830789687,14.4597048062713,592.8,"655, 589, 558, 576, 586",590,588,589
"590",0.3,10.9749876549306,14.4111823380167,601.2,"492, 595, 681, 613, 625",587,595,591
"591",0.1,0.0464158883361278,14.4991772051637,594,"660, 587, 569, 580, 574",594,589,591.5
"592",0.6,0.0129154966501488,14.4733564946137,594.2,"656, 588, 570, 574, 583",593,590,591.5
"593",0.5,0.0145082877849594,14.5334867300303,597,"661, 591, 571, 578, 584",596,591,593.5
"594",0,0.104761575278967,14.5466031472095,598.6,"658, 594, 573, 572, 596",597,594,595.5
"595",0.2,0.0291505306282518,14.5631255213823,598.2,"664, 593, 572, 577, 585",598,593,595.5
"596",0.4,8.69749002617784,14.4646978886083,607.4,"493, 598, 680, 630, 636",592,602,597
"597",0.2,15.5567614393047,14.4617045342625,608.4,"505, 606, 692, 612, 627",591,604,597.5
"598",0.8,0.00911162756115489,14.6316533665143,601.8,"663, 596, 574, 588, 588",601,596,598.5
"599",0.7,0.0102353102189903,14.6493094970639,602.6,"667, 597, 575, 585, 589",603,597,600
"600",0.6,6.13590727341317,14.5332162427295,611.4,"496, 603, 675, 638, 645",595,606,600.5
"601",0.3,0.0205651230834865,14.6552995687064,604,"670, 599, 576, 584, 591",605,598,601.5
"602",0.4,0.0162975083462064,14.6638435878538,605,"669, 600, 577, 586, 593",606,599,602.5
"603",0.9,0.00811130830789687,14.6651908802059,606,"668, 601, 578, 591, 592",607,600.5,603.75
"604",1,3.85352859371053,14.6017236801274,617.8,"498, 605, 678, 657, 651",599,611,605
"605",0.1,0.0413201240011534,14.680153349477,606,"673, 604, 579, 598, 576",610,600.5,605.25
"606",0.6,0.0114975699539774,14.6780754232068,607.6,"671, 602, 581, 590, 594",609,603,606
"607",1,0.00722080901838546,14.7014066468354,610.4,"672, 607, 582, 596, 595",611,605,608
"608",0.7,5.46227721768434,14.6350773029846,621.6,"502, 610, 691, 649, 656",602,616,609
"609",0,0.093260334688322,14.7255431455343,611.6,"665, 613, 585, 583, 612",612,607,609.5
"610",0.1,27.8255940220713,14.6257287014317,624.4,"512, 623, 714, 626, 647",600,619,609.5
"611",0.5,0.0129154966501488,14.7417646603495,612,"674, 609, 583, 597, 597",613,608,610.5
"612",0.2,0.0259502421139974,14.7892531488905,615.6,"679, 611, 584, 606, 598",615,609,612
"613",0.9,4.32876128108306,14.6497220185949,624.6,"503, 608, 688, 664, 660",604,620,612
"614",0.8,0.00811130830789687,14.8348706121252,617.4,"682, 616, 587, 602, 600",617,610,613.5
"615",0.8,4.86260158006535,14.665419475746,626.6,"506, 612, 690, 661, 664",608,621,614.5
"616",0.7,0.00911162756115489,14.8392526898731,618.4,"683, 617, 588, 603, 601",618,612,615
"617",0.3,0.0183073828029537,14.8514866951047,619,"688, 615, 589, 600, 603",621,613,617
"618",0.9,0.00722080901838546,14.8507824808008,619.8,"684, 619, 590, 604, 602",620,614,617
"619",0.4,0.0145082877849594,14.8601291130865,620.6,"689, 618, 591, 601, 604",622,615,618.5
"620",0.5,7.74263682681127,14.7549421165606,633.8,"511, 625, 711, 653, 669",614,626,620
"621",0.6,0.0102353102189903,14.8706091721374,622.2,"687, 622, 592, 605, 605",624,617,620.5
"622",1,0.00642807311728432,14.883498668764,623.8,"686, 624, 595, 608, 606",625,618,621.5
"623",0,0.0830217568131974,14.897136788261,627.6,"676, 632, 601, 599, 630",626,622.5,624.25
"624",0.3,12.3284673944207,14.7992115694942,641,"514, 631, 743, 646, 671",616,634,625
"625",0.1,0.0367837977182863,14.9221990748691,627.6,"685, 621, 613, 611, 608",628,622.5,625.25
"626",0.5,0.0114975699539774,14.9362616659293,627.8,"695, 628, 598, 609, 609",629,624,626.5
"627",0.2,0.0231012970008316,14.9785000964632,630.6,"696, 627, 599, 620, 611",631,625,628
"628",0.2,17.4752840000768,14.8456495757278,646,"523, 636, 756, 645, 670",619,639,629
"629",0.4,9.77009957299225,14.8613315233475,645,"519, 634, 732, 662, 678",623,638,630.5
"630",0.8,0.00722080901838546,15.0224552642162,634.4,"700, 637, 604, 616, 615",635,627,631
"631",0.7,0.00811130830789687,15.0264671609056,635.4,"701, 639, 606, 615, 616",636,628,632
"632",0.4,0.0129154966501488,15.0427823561151,637,"706, 638, 608, 614, 619",638,629,633.5
"633",0.9,0.00642807311728432,15.0384812061499,637.4,"702, 641, 609, 617, 618",637,631,634
"634",0.6,6.8926121043497,14.919067423856,649,"522, 630, 725, 681, 687",627,641.5,634.25
"635",0.3,0.0162975083462064,15.0484550607001,637.2,"698, 635, 605, 631, 617",639,630,634.5
"636",0.6,0.00911162756115489,15.0551419826288,639,"704, 643, 610, 618, 620",641,632,636.5
"637",1,0.00572236765935022,15.0715236902808,640,"703, 644, 611, 621, 621",643,633,638
"638",1,4.32876128108306,14.9483582405101,652,"525, 614, 716, 711, 694",630,646,638
"639",0,0.0739072203352578,15.0638127204785,642.8,"691, 651, 614, 610, 648",642,636,639
"640",0.1,0.0327454916287773,15.0941202824677,642.2,"697, 640, 625, 627, 622",644,635,639.5
"641",0.5,0.0102353102189903,15.1198866723628,643.6,"711, 648, 612, 623, 624",646,637,641.5
"642",0.7,6.13590727341317,14.9857825827558,656.2,"529, 629, 730, 697, 696",632,651,641.5
"643",0.9,4.86260158006535,14.9885776925619,657.2,"528, 620, 727, 713, 698",633,652,642.5
"644",0.8,0.00642807311728432,15.1812746361337,647.6,"708, 655, 615, 632, 628",648,640,644
"645",0.8,5.46227721768434,15.002758339296,659.4,"530, 626, 731, 710, 700",634,654,644
"646",0.2,0.0205651230834865,15.1711245931306,649,"705, 650, 629, 635, 626",647,641.5,644.25
"647",0.9,0.00572236765935022,15.1980783238661,650.4,"709, 661, 618, 633, 631",650,643,646.5
"648",0.1,31.2571584968824,15.054338221249,666.8,"539, 654, 794, 663, 684",640,660,650
"649",0.3,0.0145082877849594,15.2474155361445,651.6,"717, 653, 617, 639, 632",656,644,650
"650",1,0.00509413801481638,15.2313341336519,653.2,"712, 664, 621, 634, 635",653,647,650
"651",0,0.0657933224657568,15.2237404629545,654.8,"699, 663, 624, 625, 663",652,649,650.5
"652",0.7,0.00722080901838546,15.2554122101111,651.8,"716, 656, 616, 642, 629",657,645,651
"653",0.4,0.0114975699539774,15.2616698080121,653.6,"718, 658, 619, 640, 633",659,648,653.5
"654",0.5,8.69749002617784,15.1100039965228,668.2,"532, 645, 754, 700, 710",645,662,653.5
"655",0.6,0.00811130830789687,15.2818602097585,656,"720, 662, 620, 644, 634",660,650,655
"656",0.1,0.0291505306282518,15.30730143209,657.4,"719, 657, 633, 637, 641",662,653,657.5
"657",0.3,13.8488637139387,15.1888593172206,681.4,"546, 660, 795, 692, 714",649,671,660
"658",0.5,0.00911162756115489,15.3397178541976,659.8,"724, 668, 622, 648, 637",665,655,660
"659",0.2,0.0183073828029537,15.3434171706041,660,"714, 667, 638, 643, 638",666,656,661
"660",0,0.0585702081805667,15.3784671660563,665,"710, 673, 632, 636, 674",667,657,662
"661",0.4,10.9749876549306,15.215166059313,681.8,"547, 652, 783, 706, 721",651,673,662
"662",0.8,0.00572236765935022,15.4354302225399,665.2,"730, 676, 626, 655, 639",668,658,663
"663",0.7,0.00642807311728432,15.4366780098239,666,"732, 677, 627, 654, 640",669,659,664
"664",0.3,0.0129154966501488,15.4371500797274,667.2,"725, 675, 644, 650, 642",670,661,665.5
"665",0.6,7.74263682681127,15.2344990451822,685.4,"545, 647, 773, 735, 727",654,679,666.5
"666",0.9,0.00509413801481638,15.4529737412556,669,"734, 680, 628, 660, 643",672,663.5,667.75
"667",0.4,0.0102353102189903,15.4532158798971,669,"726, 678, 645, 652, 644",673,663.5,668.25
"668",0.2,19.6304065004027,15.2449862565789,690.8,"551, 669, 835, 688, 711",655,683,669
"669",0.1,0.0259502421139974,15.4734814499939,670.6,"731, 674, 643, 647, 658",675,665,670
"670",1,0.00453487850812858,15.4873104531059,672.6,"736, 683, 630, 665, 649",676,666,671
"671",0.6,0.00722080901838546,15.4959531219136,673.4,"735, 681, 646, 659, 646",677,667,672
"672",1,4.86260158006535,15.2580197676282,693.6,"537, 633, 768, 791, 739",658,686,672
"673",0,0.0521400828799968,15.524167823431,674.8,"722, 687, 642, 641, 682",678,668,673
"674",0.2,0.0162975083462064,15.5493670044072,676.2,"738, 685, 647, 656, 655",680,669,674.5
"675",0.5,0.00811130830789687,15.5544793925232,677.8,"739, 686, 648, 666, 650",681,670,675.5
"676",0.7,6.8926121043497,15.3052137928845,697.4,"549, 649, 787, 761, 741",661,690.5,675.75
"677",0.1,0.0231012970008316,15.6072519889568,681.6,"733, 693, 651, 658, 673",684,672,678
"678",0.9,5.46227721768434,15.308123985334,700.8,"544, 642, 781, 793, 744",663,695.5,679.25
"679",0.3,0.0114975699539774,15.6214677007125,682.8,"737, 692, 652, 668, 665",686,674,680
"680",0.8,6.13590727341317,15.3265461875278,702.2,"548, 646, 789, 782, 746",664,697,680.5
"681",0.4,0.00911162756115489,15.6461960819455,684,"747, 697, 655, 669, 652",688,676,682
"682",0.8,0.00509413801481638,15.6507896687689,683.8,"745, 695, 653, 673, 653",689,675,682
"683",0.7,0.00572236765935022,15.6524294067523,684.4,"746, 696, 654, 672, 654",690,677.5,683.75
"684",0,0.0464158883361278,15.6630248888139,684.4,"728, 700, 650, 651, 693",691,677.5,684.25
"685",0.9,0.00453487850812858,15.6658541397997,687,"748, 699, 656, 675, 657",692,680,686
"686",0.6,0.00642807311728432,15.6741676175592,688.4,"750, 702, 657, 674, 659",693,681,687
"687",1,0.00403701725859655,15.6947390636854,689.8,"751, 703, 658, 676, 661",696,682,689
"688",0.5,9.77009957299225,15.4509061231768,717.6,"555, 666, 836, 767, 764",671,710,690.5
"689",0.5,0.00722080901838546,15.7149061835666,692.8,"758, 706, 661, 677, 662",697,684.5,690.75
"690",0.2,0.0145082877849594,15.7329642634547,692.8,"755, 704, 659, 671, 675",699,684.5,691.75
"691",0.1,35.1119173421513,15.4666511640783,719.8,"565, 684, 908, 714, 728",674,712,693
"692",0.1,0.0205651230834865,15.7626473651521,694.8,"744, 708, 671, 670, 681",700,687,693.5
"693",0.7,0.00509413801481638,15.7693480160217,696.2,"753, 713, 665, 684, 666",701,688,694.5
"694",0.8,0.00453487850812858,15.7694745295301,696.4,"754, 712, 664, 685, 667",702,689,695.5
"695",0,0.0413201240011534,15.7930701660599,697.4,"742, 710, 662, 667, 706",705,690.5,697.75
"696",0.4,0.00811130830789687,15.7897266277884,698,"752, 714, 666, 682, 676",704,692,698
"697",0.9,0.00403701725859655,15.7845855858892,698.6,"756, 715, 667, 687, 668",703,694,698.5
"698",0.3,0.0102353102189903,15.8149625461894,698.4,"762, 709, 663, 679, 679",707,693,700
"699",0.3,15.5567614393047,15.5399757347597,731.4,"566, 682, 893, 749, 767",679,721,700
"700",0.6,0.00572236765935022,15.8107186455368,700.8,"757, 716, 668, 686, 677",706,695.5,700.75
"701",1,0.00359381366380463,15.838152613747,703.6,"770, 717, 669, 690, 672",708,698,703
"702",0.5,0.00642807311728432,15.8538362354015,704.6,"760, 720, 672, 691, 680",709,699,704
"703",0.4,12.3284673944207,15.5773873904216,737.6,"568, 679, 888, 778, 775",682,728,705
"704",0.2,0.0129154966501488,15.8859160309385,705.6,"773, 719, 670, 683, 683",711,700,705.5
"705",0.2,22.0513073990305,15.6136016846086,738.2,"573, 689, 909, 752, 768",685,729.5,707.25
"706",0,0.0367837977182863,15.9134024279867,707.4,"749, 722, 673, 678, 715",714,701,707.5
"707",0.1,0.0183073828029537,15.90075551767,707.8,"759, 723, 686, 680, 691",713,702,707.5
"708",0.6,8.69749002617784,15.6065362069611,744.4,"567, 671, 879, 828, 777",683,733,708
"709",0.8,0.00403701725859655,15.9327361624368,710,"765, 725, 676, 699, 685",715,703,709
"710",0.7,0.00453487850812858,15.9476397535287,711,"764, 726, 677, 698, 690",717,704.5,710.75
"711",0.9,0.00359381366380463,15.9471624804846,713.4,"769, 728, 682, 702, 686",716,706,711
"712",0.3,0.00911162756115489,15.9645332935236,711,"775, 724, 674, 693, 689",719,704.5,711.75
"713",0.4,0.00722080901838546,15.9804880368039,714.2,"777, 727, 679, 696, 692",721,707,714
"714",1,0.00319926713779738,15.9720897517825,715.8,"771, 731, 684, 705, 688",720,708,714
"715",0.6,0.00509413801481638,16.0015100115065,717.4,"779, 729, 683, 701, 695",722,709,715.5
"716",1,5.46227721768434,15.6339179682955,754.2,"556, 659, 864, 906, 786",687,746,716.5
"717",0.2,0.0114975699539774,16.0249834377025,718.4,"783, 732, 685, 695, 697",725,711,718
"718",0,0.0327454916287773,16.033794868747,720.6,"761, 735, 689, 689, 729",727,713,720
"719",0.1,0.0162975083462064,16.0276537952347,721,"772, 736, 701, 694, 702",726,714,720
"720",0.5,0.00572236765935022,16.0438159407896,721.4,"784, 733, 687, 704, 699",728,715,721.5
"721",0.3,0.00811130830789687,16.1030757837644,726.6,"792, 738, 693, 709, 701",732,716,724
"722",0.7,7.74263682681127,15.6920366244755,762.4,"570, 672, 901, 881, 788",694,755,724.5
"723",0.2,0.0102353102189903,16.0985972228946,729.2,"776, 750, 700, 708, 712",731,718.5,724.75
"724",0.8,0.00359381366380463,16.1193593273033,728.6,"790, 740, 694, 716, 703",734,717,725.5
"725",0.7,0.00403701725859655,16.1192141654825,729.2,"791, 741, 695, 715, 704",733,718.5,725.75
"726",0.9,6.13590727341317,15.6936410377114,765.6,"562, 665, 894, 908, 799",695,759.5,727.25
"727",0.4,0.00642807311728432,16.1196213961261,729.4,"795, 739, 696, 712, 705",735,720,727.5
"728",0.9,0.00319926713779738,16.1329803083904,732,"794, 744, 697, 718, 707",736,722,729
"729",0.6,0.00453487850812858,16.1401452862605,734,"800, 747, 698, 717, 708",737,723.5,730.25
"730",0.8,6.8926121043497,15.7185553351533,769.2,"569, 670, 904, 903, 800",698,763,730.5
"731",0.1,0.0145082877849594,16.1492519955655,734,"778, 753, 713, 707, 719",739,723.5,731.25
"732",0,0.0291505306282518,16.1469505030703,734.6,"774, 752, 702, 703, 742",738,725,731.5
"733",0.1,39.4420605943766,15.8876689057005,760.8,"589, 711, 918, 807, 779",712,753,732.5
"734",0.3,0.00722080901838546,16.1700598764458,735.4,"782, 754, 704, 721, 716",743,726,734.5
"735",1,0.0028480358684358,16.1566747749035,736,"801, 749, 699, 722, 709",742,727,734.5
"736",0.5,0.00509413801481638,16.1782466165526,739,"808, 751, 703, 720, 713",744,731,737.5
"737",0.4,0.00572236765935022,16.189094742014,738.2,"785, 756, 705, 725, 720",746,729.5,737.75
"738",0.2,0.00911162756115489,16.2232154313971,742.8,"786, 762, 718, 723, 725",747,732,739.5
"739",0.5,10.9749876549306,15.863990322715,777.4,"579, 690, 910, 885, 823",710,770.5,740.25
"740",0.5,0.00453487850812858,16.2414386246112,744.8,"788, 764, 715, 731, 726",748,734,741
"741",0.7,0.00359381366380463,16.2449146574488,745.4,"819, 757, 707, 726, 718",749,736,742.5
"742",0.8,0.00319926713779738,16.245273552456,745.2,"818, 758, 706, 727, 717",750,735,742.5
"743",0,0.0259502421139974,16.2535297425778,745.8,"781, 763, 710, 719, 756",751,737,744
"744",0.1,0.0129154966501488,16.2575925184527,746.8,"787, 765, 728, 724, 730",752,738,745
"745",0.3,17.4752840000768,15.9551381015175,780.2,"588, 707, 912, 858, 836",718,774,746
"746",0.9,0.0028480358684358,16.2593581291655,748,"822, 759, 708, 729, 722",753,740,746.5
"747",0.3,0.00642807311728432,16.2802680303412,747.4,"793, 766, 717, 730, 731",755,739,747
"748",0.6,0.00403701725859655,16.2620145454684,748.8,"824, 760, 709, 728, 723",754,741,747.5
"749",0.4,0.00509413801481638,16.2959249972544,750.8,"796, 769, 719, 736, 734",757,742,749.5
"750",1,0.00253536449397011,16.2811123940493,751,"825, 761, 712, 733, 724",756,743.5,749.75
"751",0.7,0.00319926713779738,16.3026575523456,751,"797, 767, 720, 738, 733",759,743.5,751.25
"752",0.2,24.7707635599171,16.016341273972,783.8,"594, 718, 919, 856, 832",724,779,751.5
"753",0.8,0.0028480358684358,16.3033059235716,751.6,"798, 768, 721, 739, 732",760,745,752.5
"754",0.4,13.8488637139387,16.0060784223863,792.8,"591, 705, 914, 897, 857",723,786,754.5
"755",0.6,0.00359381366380463,16.317011967523,754.4,"802, 771, 723, 740, 736",762,747,754.5
"756",0.9,0.00253536449397011,16.3143850955684,754.6,"804, 770, 722, 742, 735",761,748,754.5
"757",0.2,0.00811130830789687,16.32628306796,756.4,"803, 774, 733, 734, 738",763,749,756
"758",1,0.00225701971963392,16.333984741654,757.4,"805, 775, 726, 744, 737",764,750,757
"759",0,0.0231012970008316,16.3533926654383,757.8,"789, 772, 724, 732, 772",766,751,758.5
"760",0.5,0.00403701725859655,16.3436355198421,758.6,"807, 776, 729, 741, 740",765,752,758.5
"761",0.6,9.77009957299225,16.0514618245526,798,"587, 694, 913, 916, 880",729,791,760
"762",0.1,0.0114975699539774,16.3613240220144,761,"806, 777, 740, 737, 745",768,754,761
"763",1,6.13590727341317,16.0640219080462,800.4,"580, 688, 911, 921, 902",730,793,761.5
"764",0.3,0.00572236765935022,16.3883201803831,763,"810, 778, 741, 743, 743",769,756,762.5
"765",0.7,0.0028480358684358,16.3998543295322,765.4,"812, 782, 734, 750, 749",770,758,764
"766",0.4,0.00453487850812858,16.4020535210964,765.2,"811, 780, 742, 746, 747",772,757,764.5
"767",0.8,0.00253536449397011,16.4002505651012,765.6,"813, 781, 735, 751, 748",771,759.5,765.25
"768",0.9,0.00225701971963392,16.4100182381951,767.8,"814, 784, 737, 754, 750",773,761,767
"769",0.6,0.00319926713779738,16.4107454538908,768.4,"815, 785, 738, 753, 751",774,762,768
"770",0.2,0.00722080901838546,16.4216209777011,769.4,"816, 786, 745, 747, 753",775,764,769.5
"771",0.9,6.8926121043497,16.1494869513461,806.6,"585, 691, 915, 925, 917",740,800,770
"772",1,0.00200923300256505,16.4281109441178,770.8,"820, 787, 739, 756, 752",776,766,771
"773",0.7,8.69749002617784,16.1545542067003,808,"593, 701, 916, 919, 911",741,802.5,771.75
"774",0,0.0205651230834865,16.4471793650777,769.8,"809, 783, 736, 745, 776",779,765,772
"775",0.5,0.00359381366380463,16.4455987736452,773,"821, 789, 746, 755, 754",778,767,772.5
"776",0.1,0.0102353102189903,16.4558722245099,773.6,"823, 790, 747, 748, 760",780,768,774
"777",0.8,7.74263682681127,16.1823596277039,809.8,"590, 698, 917, 924, 920",745,804,774.5
"778",0.3,0.00509413801481638,16.4807109907128,775.6,"827, 791, 748, 757, 755",781,769,775
"779",0.4,0.00403701725859655,16.4939316716067,777.4,"828, 793, 749, 758, 759",783,770.5,776.75
"780",0.7,0.00253536449397011,16.498290714324,779.2,"829, 795, 751, 763, 758",784,772.5,778.25
"781",0.8,0.00225701971963392,16.4994047738561,779.2,"830, 794, 750, 765, 757",785,772.5,778.75
"782",0.9,0.00200923300256505,16.5095933075823,782,"832, 798, 753, 766, 761",786,776,781
"783",0.6,0.0028480358684358,16.5099670820034,783,"833, 801, 755, 764, 762",787,777.5,782.25
"784",0.2,0.00642807311728432,16.5143464365149,783,"834, 800, 757, 759, 765",788,777.5,782.75
"785",0,0.0183073828029537,16.5341424035578,780.8,"826, 796, 744, 760, 778",791,775,783
"786",0.1,44.3062145758388,16.2966556981487,812.6,"609, 745, 923, 912, 874",758,808,783
"787",1,0.00178864952905744,16.5261963511112,785.4,"835, 802, 758, 769, 763",790,780,785
"788",0.1,0.00911162756115489,16.5423059972553,787,"836, 803, 760, 762, 774",792,781,786.5
"789",0.5,0.00319926713779738,16.5996281854301,788.4,"845, 804, 759, 768, 766",795,782,788.5
"790",0,0.0162975083462064,16.6141652777764,791,"838, 807, 752, 774, 784",796,784,790
"791",0.3,0.00453487850812858,16.631990756039,790.4,"846, 806, 761, 770, 769",797,783,790
"792",0.5,12.3284673944207,16.3535344314177,817.4,"605, 721, 920, 920, 921",767,813.5,790.25
"793",0.4,0.00359381366380463,16.6435411116345,792.4,"847, 808, 763, 771, 773",798,785,791.5
"794",0.8,0.00200923300256505,16.6481563952704,793.8,"849, 810, 764, 776, 770",799,787,793
"795",0.7,0.00225701971963392,16.6482211132909,794,"848, 811, 765, 775, 771",800,788,794
"796",0.9,0.00178864952905744,16.7013038885992,797.6,"850, 813, 766, 779, 780",804,789.5,796.75
"797",0.2,0.00572236765935022,16.7065127813615,797.6,"852, 812, 769, 772, 783",807,789.5,798.25
"798",0.6,0.00253536449397011,16.702540048531,798.2,"851, 815, 767, 777, 781",805,792,798.5
"799",0,0.0145082877849594,16.6877333822884,802,"841, 821, 762, 789, 797",802,797,799.5
"800",0.3,19.6304065004027,16.44129951426,825.4,"616, 748, 922, 918, 923",777,824,800.5
"801",1,0.00159228279334109,16.7168075216049,800.6,"853, 817, 770, 781, 782",808,794,801
"802",0.1,0.00811130830789687,16.729857198159,801,"855, 818, 772, 773, 787",810,795,802.5
"803",0.5,0.0028480358684358,16.7260851870072,801.8,"854, 819, 771, 780, 785",809,796,802.5
"804",0.3,0.00403701725859655,16.7545285268571,804.6,"856, 820, 775, 783, 789",812,798,805
"805",0.2,27.8255940220713,16.4895622558074,829,"624, 755, 927, 917, 922",782,829,805.5
"806",1,6.8926121043497,16.5562599621171,822.2,"606, 730, 921, 927, 927",793,818,805.5
"807",0.4,0.00319926713779738,16.7651727792067,805.8,"857, 822, 776, 784, 790",813,799,806
"808",0.4,15.5567614393047,16.5168348311149,826.4,"619, 742, 925, 922, 924",789,826,807.5
"809",0.6,10.9749876549306,16.5811130398513,824.8,"614, 734, 924, 926, 926",794,822,808
"810",0.7,0.00200923300256505,16.7706789607958,807.4,"858, 823, 777, 787, 792",815,801,808
"811",0.8,0.00178864952905744,16.7706524055878,808,"859, 824, 778, 788, 791",814,802.5,808.25
"812",0.9,0.00159228279334109,16.7790529540367,810.2,"860, 827, 779, 792, 793",816,805.5,810.75
"813",0.6,0.00225701971963392,16.7793006463933,810.2,"861, 826, 780, 790, 794",817,805.5,811.25
"814",0.2,0.00509413801481638,16.7825167279399,810.4,"863, 825, 782, 786, 796",818,807,812.5
"815",1,0.0014174741629268,16.7928295822587,813,"864, 828, 784, 794, 795",819,809,814
"816",0.9,7.74263682681127,16.6540410387303,827.4,"615, 737, 926, 930, 929",801,828,814.5
"817",0.1,0.00722080901838546,16.80111716888,813.4,"866, 829, 786, 785, 801",821,810,815.5
"818",0.5,0.00253536449397011,16.80009373394,814.6,"865, 830, 785, 795, 798",820,811,815.5
"819",0.3,0.00359381366380463,16.826567248544,817.2,"867, 831, 790, 796, 802",822,812,817
"820",0.7,9.77009957299225,16.6900338342275,830.6,"621, 743, 929, 932, 928",803,832,817.5
"821",0,0.0129154966501488,16.8296043906074,817.4,"868, 832, 774, 804, 809",823,813.5,818.25
"822",0.4,0.0028480358684358,16.8358456276111,818.6,"869, 833, 791, 797, 803",824,815,819.5
"823",0.8,8.69749002617784,16.7042786500511,831,"620, 746, 928, 931, 930",806,833.5,819.75
"824",0.7,0.00178864952905744,16.8410457142459,820.2,"870, 834, 792, 800, 805",826,816,821
"825",0.8,0.00159228279334109,16.8408934337205,820.8,"871, 835, 793, 801, 804",825,817,821
"826",0.9,0.0014174741629268,16.8486720375936,823,"872, 838, 796, 803, 806",827,819.5,823.25
"827",0.6,0.00200923300256505,16.8489083462562,823,"873, 836, 797, 802, 807",828,819.5,823.75
"828",0.2,0.00453487850812858,16.8509092129419,823.4,"874, 837, 798, 798, 810",829,821,825
"829",1,0.00126185688306602,16.8612978754453,825.2,"875, 839, 799, 805, 808",830,823,826.5
"830",0.1,49.7702356433211,16.7375811407178,839,"637, 779, 931, 923, 925",811,843,827
"831",0.1,0.00642807311728432,16.8676994731608,826,"877, 840, 802, 799, 812",832,825,828.5
"832",0.5,0.00225701971963392,16.8675698754899,826.8,"876, 841, 800, 806, 811",831,827,829
"833",0.3,0.00319926713779738,16.8912095991895,829.2,"878, 844, 803, 808, 813",833,830,831.5
"834",0,0.0114975699539774,16.8917966736283,829.4,"879, 843, 788, 816, 821",834,831,832.5
"835",0.4,0.00253536449397011,16.8998817704237,831,"880, 845, 804, 810, 816",835,833.5,834.25
"836",0.7,0.00159228279334109,16.9038826849936,831.8,"881, 847, 805, 812, 814",836,835,835.5
"837",0.8,0.0014174741629268,16.9042140145992,832.4,"882, 846, 806, 813, 815",837,836,836.5
"838",0.2,0.00403701725859655,16.9101628403825,834.4,"885, 849, 809, 809, 820",838,838,838
"839",0.9,0.00126185688306602,16.9105803886239,834.4,"883, 850, 807, 815, 817",839,838,838.5
"840",0.6,0.00178864952905744,16.9108651691836,834.4,"884, 848, 808, 814, 818",840,838,839
"841",1,0.00112332403297803,16.9226286134296,836.8,"886, 851, 811, 817, 819",841,840,840.5
"842",0.1,0.00572236765935022,16.9269957476897,837.6,"888, 852, 813, 811, 824",842,841,841.5
"843",0.5,0.00200923300256505,16.9279179364171,838.4,"887, 853, 812, 818, 822",843,842,842.5
"844",0.5,13.8488637139387,16.9319161689491,840.8,"635, 773, 930, 934, 932",844,845,844.5
"845",0.3,0.0028480358684358,16.9484168121485,840.4,"889, 855, 814, 819, 825",846,844,845
"846",0,0.0102353102189903,16.9482311313298,842,"890, 854, 801, 831, 834",845,846,845.5
"847",0.4,0.00225701971963392,16.9578159100142,842.2,"891, 856, 815, 821, 828",847,847,847
"848",0.7,0.0014174741629268,16.9624197856497,843,"892, 857, 816, 823, 827",848,848,848
"849",0.8,0.00126185688306602,16.9624938267045,843.6,"893, 858, 817, 824, 826",849,849,849
"850",0.2,0.00359381366380463,16.9677298969546,846.2,"898, 859, 821, 820, 833",850,850,850
"851",0.6,0.00159228279334109,16.9682383719914,846.4,"897, 861, 820, 825, 829",851,851.5,851.25
"852",0.9,0.00112332403297803,16.9691679781561,846.6,"896, 862, 819, 826, 830",852,853,852.5
"853",1,0.001,16.9800415685281,849,"899, 864, 822, 829, 831",853,855,854
"854",0.3,22.0513073990305,17.0066754264903,846.4,"646, 792, 932, 929, 933",858,851.5,854.75
"855",0.1,0.00509413801481638,16.9818844550813,849.2,"901, 863, 823, 822, 837",854,856,855
"856",0.5,0.00178864952905744,16.9844161425394,850.2,"900, 865, 824, 827, 835",855,858.5,856.75
"857",0,0.00911162756115489,16.9995279603106,852.8,"903, 866, 810, 841, 844",856,862,859
"858",0.3,0.00253536449397011,17.0017167214952,852.4,"902, 867, 825, 830, 838",857,861,859
"859",0.4,0.00200923300256505,17.0111163258299,854.4,"904, 868, 827, 832, 841",859,864,861.5
"860",0.7,0.00126185688306602,17.0143654748562,855.4,"905, 869, 828, 835, 840",860,865,862.5
"861",0.2,31.2571584968824,17.0353859947292,850.6,"649, 809, 936, 928, 931",867,860,863.5
"862",0.8,0.00112332403297803,17.0144394323316,856,"906, 870, 829, 836, 839",861,866,863.5
"863",0.9,0.001,17.0200691050937,857.8,"907, 872, 830, 838, 842",862,869,865.5
"864",0.2,0.00319926713779738,17.0203616951345,858,"909, 871, 832, 833, 845",864,870,867
"865",0.6,0.0014174741629268,17.020295405038,858.4,"908, 873, 831, 837, 843",863,871,867
"866",0.1,0.00453487850812858,17.0317478023583,859.8,"911, 874, 833, 834, 847",865,872,868.5
"867",0.5,0.00159228279334109,17.0337658087425,860.8,"910, 875, 834, 839, 846",866,873,869.5
"868",0.4,17.4752840000768,17.1104650519331,850.2,"647, 799, 935, 935, 935",883,858.5,870.75
"869",1,7.74263682681127,17.1352372495056,847,"641, 788, 933, 936, 937",888,854,871
"870",0,0.00811130830789687,17.0467056327417,862.2,"912, 876, 818, 852, 853",868,874.5,871.25
"871",0.3,0.00225701971963392,17.0493127404672,863.2,"913, 877, 838, 840, 848",869,876,872.5
"872",0.4,0.00178864952905744,17.0560194109734,864.6,"914, 878, 839, 842, 850",870,877,873.5
"873",0.8,0.001,17.0589453231805,865.8,"916, 880, 841, 843, 849",871,878.5,874.75
"874",0.7,0.00112332403297803,17.0592492520956,865.8,"915, 879, 840, 844, 851",872,878.5,875.25
"875",0.6,0.00126185688306602,17.0644030022621,868,"917, 882, 843, 846, 852",873,880.5,876.75
"876",0.2,0.0028480358684358,17.0653327973251,868,"918, 881, 842, 845, 854",874,880.5,877.25
"877",0.6,12.3284673944207,17.1813672302,850,"645, 797, 934, 938, 936",899,857,878
"878",0.1,0.00403701725859655,17.0758589810634,869.8,"919, 883, 844, 847, 856",875,882,878.5
"879",0.5,0.0014174741629268,17.0773292015624,870.4,"920, 884, 845, 848, 855",876,883,879.5
"880",0,0.00722080901838546,17.0889858228767,871.6,"921, 885, 826, 864, 862",877,885,881
"881",0.3,0.00200923300256505,17.0923630230714,872.6,"922, 886, 848, 849, 858",878,886,882
"882",0.4,0.00159228279334109,17.098658200009,874,"924, 888, 849, 850, 859",879,887,883
"883",0.7,0.001,17.1013993909742,875.4,"925, 889, 850, 853, 860",880,888,884
"884",0.2,0.00253536449397011,17.1064219384055,876.4,"927, 890, 851, 851, 863",882,889,885.5
"885",0.6,0.00112332403297803,17.1061550383054,877,"926, 891, 852, 855, 861",881,890,885.5
"886",0.9,8.69749002617784,17.2473301433846,853.4,"650, 805, 937, 937, 938",912,863,887.5
"887",0.1,0.00359381366380463,17.1158949067316,878.6,"928, 892, 854, 854, 865",884,892,888
"888",0.5,0.00126185688306602,17.1178844796942,879.8,"929, 893, 856, 857, 864",885,893,889
"889",0,0.00642807311728432,17.1269768788337,880.2,"930, 894, 837, 871, 869",886,894,890
"890",0.3,0.00178864952905744,17.1312753346675,881.6,"931, 895, 857, 859, 866",887,896,891.5
"891",0.1,55.9081018251222,17.2269846752267,862.2,"662, 842, 940, 933, 934",909,874.5,891.75
"892",0.4,0.0014174741629268,17.1369898902657,882.6,"932, 896, 858, 860, 867",889,898,893.5
"893",0.1,0.00319926713779738,17.1416802463309,883.2,"936, 900, 846, 862, 872",890,899,894.5
"894",0.7,10.9749876549306,17.2928067588439,856.8,"653, 814, 938, 940, 939",923,867,895
"895",0.2,0.00225701971963392,17.1434511092302,884.6,"934, 898, 860, 861, 870",891,901,896
"896",0.8,9.77009957299225,17.3046792816879,857.6,"654, 816, 939, 939, 940",925,868,896.5
"897",0.6,0.001,17.1441136675467,885.2,"935, 899, 861, 863, 868",892,902,897
"898",0.5,0.00112332403297803,17.1540529676894,887.4,"937, 901, 863, 865, 871",893,904,898.5
"899",0,0.00572236765935022,17.1621998001856,888.2,"938, 903, 847, 877, 876",894,905,899.5
"900",0.3,0.00159228279334109,17.1663658031173,889.6,"939, 905, 865, 866, 873",895,906,900.5
"901",0.1,0.0028480358684358,17.1740827914404,890.4,"943, 908, 853, 869, 879",897,907,902
"902",0.4,0.00126185688306602,17.1715017185089,891.2,"940, 906, 868, 867, 875",896,908,902
"903",0.2,0.00200923300256505,17.1772898295119,892.6,"941, 907, 870, 868, 877",898,911,904.5
"904",0.5,0.001,17.1869533585218,894.4,"944, 909, 871, 870, 878",900,913,906.5
"905",0,0.00509413801481638,17.193754716798,895.8,"945, 910, 855, 886, 883",901,915,908
"906",0.3,0.0014174741629268,17.1974162761323,897.2,"946, 912, 875, 872, 881",902,917,909.5
"907",0.1,0.00253536449397011,17.2030663061169,896.8,"950, 915, 859, 875, 885",904,916,910
"908",0.4,0.00112332403297803,17.2019461885172,898.2,"947, 913, 876, 873, 882",903,918,910.5
"909",0.2,0.00178864952905744,17.2071971441531,899.8,"949, 914, 878, 874, 884",905,919,912
"910",0.5,15.5567614393047,17.5862061369278,871,"666, 860, 941, 944, 944",941,884,912.5
"911",0,0.00453487850812858,17.2220627240809,901.4,"951, 916, 862, 890, 888",906,920.5,913.25
"912",0.2,0.00159228279334109,17.2245496390016,901.4,"954, 919, 866, 879, 889",907,920.5,913.75
"913",0.3,0.00126185688306602,17.2255779035057,902.8,"952, 917, 883, 876, 886",908,923,915.5
"914",0.1,0.00225701971963392,17.2295630612339,902.6,"956, 920, 867, 880, 890",911,922,916.5
"915",0.3,24.7707635599171,17.6571722406358,878,"675, 887, 942, 943, 943",943,891,917
"916",0.4,0.001,17.2294162296877,904,"953, 918, 884, 878, 887",910,925,917.5
"917",0.2,35.1119173421513,17.6552007639579,881.2,"678, 902, 944, 941, 941",942,895,918.5
"918",0,0.00403701725859655,17.2476021509057,906.8,"957, 921, 869, 895, 892",913,929,921
"919",0.2,0.0014174741629268,17.2485392922889,906,"959, 923, 872, 883, 893",914,928,921
"920",1,8.69749002617784,17.8019393021807,882.4,"681, 897, 943, 945, 946",946,897,921.5
"921",0.4,19.6304065004027,17.7939432581749,883.4,"677, 904, 945, 946, 945",945,900,922.5
"922",0.1,0.00200923300256505,17.2533928501324,907.2,"960, 925, 873, 884, 894",916,931,923.5
"923",0.3,0.00112332403297803,17.2504982208303,908.6,"958, 922, 890, 882, 891",915,933,924
"924",0.6,13.8488637139387,17.8520486881732,886.4,"680, 911, 946, 948, 947",947,903,925
"925",0.3,0.001,17.2637924049599,909.6,"962, 927, 877, 887, 895",917,934,925.5
"926",0.1,62.8029144183425,17.7725551086264,891.8,"690, 935, 950, 942, 942",944,910,927
"927",0,0.00359381366380463,17.2708364438214,911,"961, 926, 874, 898, 896",919,937,928
"928",0.2,0.00126185688306602,17.2704324191238,911.2,"963, 928, 880, 888, 897",918,938,928
"929",0.9,9.77009957299225,17.9329794397797,891.6,"692, 924, 947, 947, 948",948,909,928.5
"930",0.1,0.00178864952905744,17.2745470813845,912.2,"964, 929, 881, 889, 898",920,939,929.5
"931",0.7,12.3284673944207,17.9775548619069,894.2,"693, 931, 948, 950, 949",949,912,930.5
"932",0.2,0.00112332403297803,17.2899774810388,915,"967, 932, 885, 891, 900",921,941,931
"933",0.8,10.9749876549306,17.9989929329603,895.6,"694, 936, 949, 949, 950",950,914,932
"934",0,0.00319926713779738,17.2911109849192,915.4,"965, 930, 882, 901, 899",922,943,932.5
"935",0.1,0.00159228279334109,17.2935609269953,916,"968, 933, 886, 892, 901",924,944,934
"936",0.2,0.001,17.3071173633669,918.6,"970, 937, 889, 893, 904",926,946,936
"937",0,0.0028480358684358,17.3098666628294,919,"969, 934, 887, 902, 903",927,947,937
"938",0.5,17.4752840000768,18.3082291625063,903.2,"707, 951, 951, 954, 953",951,924,937.5
"939",0.1,0.0014174741629268,17.3105579070802,919.8,"971, 938, 891, 894, 905",928,948,938
"940",0.1,0.00126185688306602,17.3258439212872,922.4,"973, 940, 896, 896, 907",929,950,939.5
"941",0.2,39.4420605943766,18.3504509230085,905,"715, 953, 953, 952, 952",952,927,939.5
"942",0.3,27.8255940220713,18.3950143476815,904.8,"713, 952, 952, 953, 954",954,926,940
"943",0,0.00253536449397011,17.3265717015098,922.6,"972, 939, 892, 904, 906",930,951,940.5
"944",0.1,70.5480231071865,18.378351879808,907,"723, 954, 956, 951, 951",953,930,941.5
"945",0.1,0.00112332403297803,17.3396109311238,924.4,"975, 942, 897, 899, 909",931,954,942.5
"946",0.4,22.0513073990305,18.544942390728,908.4,"721, 955, 954, 957, 955",955,932,943.5
"947",0,0.00225701971963392,17.3416192696735,924.6,"974, 941, 895, 905, 908",932,955.5,943.75
"948",0.1,0.001,17.3515900709823,926.4,"977, 944, 899, 900, 912",933,957,945
"949",1,9.77009957299225,18.5889854732308,910.2,"729, 956, 955, 955, 956",956,935,945.5
"950",0,0.00200923300256505,17.3548574550193,926.8,"976, 943, 898, 907, 910",934,958,946
"951",0.6,15.5567614393047,18.6093599860835,910.8,"727, 957, 957, 956, 957",957,936,946.5
"952",0,0.00178864952905744,17.3665945169975,929,"978, 945, 900, 909, 913",935,960,947.5
"953",0,0.00159228279334109,17.3775772312616,930.4,"980, 946, 902, 910, 914",936,961,948.5
"954",0.9,10.9749876549306,18.7321664844151,914.6,"741, 958, 958, 958, 958",958,940,949
"955",0,0.0014174741629268,17.3870009482642,931.4,"981, 947, 903, 911, 915",937,962,949.5
"956",0.7,13.8488637139387,18.7597005309491,915.2,"740, 959, 959, 959, 959",959,942,950.5
"957",0,0.00126185688306602,17.395198275712,932.8,"982, 948, 905, 913, 916",938,963.5,950.75
"958",0,0.00112332403297803,17.4031954528691,934,"983, 949, 906, 914, 918",939,965,952
"959",0.8,12.3284673944207,18.7961547930292,916.6,"743, 960, 960, 960, 960",960,945,952.5
"960",0,0.001,17.4097765946195,935,"984, 950, 907, 915, 919",940,966,953
"961",0.5,19.6304065004027,19.1066324127104,922.2,"763, 961, 961, 963, 963",962,949,955.5
"962",0.1,79.2482898353917,19.0392947382,922.8,"768, 962, 962, 961, 961",961,952,956.5
"963",0.2,44.3062145758388,19.1183891384343,923.2,"766, 963, 963, 962, 962",963,953,958
"964",0.3,31.2571584968824,19.1858287640959,924.6,"767, 964, 964, 964, 964",964,955.5,959.75
"965",0.4,24.7707635599171,19.3527152930796,928,"780, 965, 965, 965, 965",965,959,962
"966",0.6,17.4752840000768,19.4590073275307,932.8,"799, 966, 966, 967, 966",966,963.5,964.75
"967",1,10.9749876549306,19.5244021732808,936.8,"817, 967, 967, 966, 967",967,967,967
"968",0.7,15.5567614393047,19.6581768450655,941.2,"831, 969, 968, 969, 969",968,968,968
"969",0.9,12.3284673944207,19.6725468666406,942.4,"837, 968, 969, 968, 970",969,969,969
"970",0.8,13.8488637139387,19.7226274432873,944,"839, 970, 970, 970, 971",970,970,970
"971",0.1,89.0215085445039,19.7447329203826,944.2,"840, 971, 971, 971, 968",971,971,971
"972",0.2,49.7702356433211,19.9210058509592,946.2,"842, 972, 972, 973, 972",972,972,972
"973",0.5,22.0513073990305,19.984029554878,947.2,"844, 974, 973, 972, 973",973,973,973
"974",0.3,35.1119173421513,20.0231981940215,947.6,"843, 973, 974, 974, 974",974,974,974
"975",0.4,27.8255940220713,20.2118079587358,952.4,"862, 975, 975, 975, 975",975,975,975
"976",0.6,19.6304065004027,20.416278371517,959.8,"895, 976, 976, 976, 976",976,976,976
"977",0.1,100,20.4769084909753,960.6,"894, 977, 977, 978, 977",977,977,977
"978",1,12.3284673944207,20.6226987858565,966.8,"923, 978, 978, 977, 978",978,978,978
"979",0.2,55.9081018251222,20.722297590756,970.8,"933, 979, 980, 982, 980",980,979,979.5
"980",0.7,17.4752840000768,20.687568295931,971.8,"942, 980, 979, 979, 979",979,980,979.5
"981",0.9,13.8488637139387,20.7681282270163,974.4,"948, 981, 981, 980, 982",981,981,981
"982",0.8,15.5567614393047,20.7952781135467,976.6,"955, 982, 982, 981, 983",982,982,982
"983",0.3,39.4420605943766,20.8574675677027,979.2,"966, 983, 983, 983, 981",983,983,983
"984",0.5,24.7707635599171,20.9454999568339,983,"979, 984, 984, 984, 984",984,984,984
"985",0.4,31.2571584968824,21.1227766134543,985,"985, 985, 985, 985, 985",985,985,985
"986",0.2,62.8029144183425,21.4501046022861,986.6,"987, 986, 987, 987, 986",986,987,986.5
"987",0.6,22.0513073990305,21.4611940470838,986.4,"986, 987, 986, 986, 987",987,986,986.5
"988",0.3,44.3062145758388,21.6804007494507,988,"988, 988, 988, 988, 988",988,988,988
"989",0.7,19.6304065004027,21.7722780382019,989,"989, 989, 989, 989, 989",989,989,989
"990",1,13.8488637139387,21.79617792001,990,"990, 990, 990, 990, 990",990,990,990
"991",0.9,15.5567614393047,21.9080943059228,991.8,"991, 993, 991, 991, 993",991,991,991
"992",0.8,17.4752840000768,21.9085595889408,992,"992, 992, 992, 992, 992",992,992,992
"993",0.5,27.8255940220713,21.9151959223871,992.2,"993, 991, 993, 993, 991",993,993,993
"994",0.4,35.1119173421513,21.994998195394,1004.6,"994, 994, 994, 994, 1047",994,994,994
"995",0.2,70.5480231071865,22.0450268332958,1015.9,"995, 1047.5, 995, 995, 1047",995,995,995
"996",0.2,79.2482898353917,22.0944424649998,1047.7,"1048, 1047.5, 1048, 1048, 1047",1048,1048,1048
"997",0.2,89.0215085445039,22.0944424649998,1047.7,"1048, 1047.5, 1048, 1048, 1047",1048,1048,1048
"998",0.2,100,22.0944424649998,1047.7,"1048, 1047.5, 1048, 1048, 1047",1048,1048,1048
"999",0.3,49.7702356433211,22.0944424649998,1047.7,"1048, 1047.5, 1048, 1048, 1047",1048,1048,1048
"1000",0.3,55.9081018251222,22.0944424649998,1047.7,"1048, 1047.5, 1048, 1048, 1047",1048,1048,1048
"1001",0.3,62.8029144183425,22.0944424649998,1047.7,"1048, 1047.5, 1048, 1048, 1047",1048,1048,1048
"1002",0.3,70.5480231071865,22.0944424649998,1047.7,"1048, 1047.5, 1048, 1048, 1047",1048,1048,1048
"1003",0.3,79.2482898353917,22.0944424649998,1047.7,"1048, 1047.5, 1048, 1048, 1047",1048,1048,1048
"1004",0.3,89.0215085445039,22.0944424649998,1047.7,"1048, 1047.5, 1048, 1048, 1047",1048,1048,1048
"1005",0.3,100,22.0944424649998,1047.7,"1048, 1047.5, 1048, 1048, 1047",1048,1048,1048
"1006",0.4,39.4420605943766,22.0944424649998,1047.7,"1048, 1047.5, 1048, 1048, 1047",1048,1048,1048
"1007",0.4,44.3062145758388,22.0944424649998,1047.7,"1048, 1047.5, 1048, 1048, 1047",1048,1048,1048
"1008",0.4,49.7702356433211,22.0944424649998,1047.7,"1048, 1047.5, 1048, 1048, 1047",1048,1048,1048
"1009",0.4,55.9081018251222,22.0944424649998,1047.7,"1048, 1047.5, 1048, 1048, 1047",1048,1048,1048
"1010",0.4,62.8029144183425,22.0944424649998,1047.7,"1048, 1047.5, 1048, 1048, 1047",1048,1048,1048
"1011",0.4,70.5480231071865,22.0944424649998,1047.7,"1048, 1047.5, 1048, 1048, 1047",1048,1048,1048
"1012",0.4,79.2482898353917,22.0944424649998,1047.7,"1048, 1047.5, 1048, 1048, 1047",1048,1048,1048
"1013",0.4,89.0215085445039,22.0944424649998,1047.7,"1048, 1047.5, 1048, 1048, 1047",1048,1048,1048
"1014",0.4,100,22.0944424649998,1047.7,"1048, 1047.5, 1048, 1048, 1047",1048,1048,1048
"1015",0.5,31.2571584968824,22.0944424649998,1047.7,"1048, 1047.5, 1048, 1048, 1047",1048,1048,1048
"1016",0.5,35.1119173421513,22.0944424649998,1047.7,"1048, 1047.5, 1048, 1048, 1047",1048,1048,1048
"1017",0.5,39.4420605943766,22.0944424649998,1047.7,"1048, 1047.5, 1048, 1048, 1047",1048,1048,1048
"1018",0.5,44.3062145758388,22.0944424649998,1047.7,"1048, 1047.5, 1048, 1048, 1047",1048,1048,1048
"1019",0.5,49.7702356433211,22.0944424649998,1047.7,"1048, 1047.5, 1048, 1048, 1047",1048,1048,1048
"1020",0.5,55.9081018251222,22.0944424649998,1047.7,"1048, 1047.5, 1048, 1048, 1047",1048,1048,1048
"1021",0.5,62.8029144183425,22.0944424649998,1047.7,"1048, 1047.5, 1048, 1048, 1047",1048,1048,1048
"1022",0.5,70.5480231071865,22.0944424649998,1047.7,"1048, 1047.5, 1048, 1048, 1047",1048,1048,1048
"1023",0.5,79.2482898353917,22.0944424649998,1047.7,"1048, 1047.5, 1048, 1048, 1047",1048,1048,1048
"1024",0.5,89.0215085445039,22.0944424649998,1047.7,"1048, 1047.5, 1048, 1048, 1047",1048,1048,1048
"1025",0.5,100,22.0944424649998,1047.7,"1048, 1047.5, 1048, 1048, 1047",1048,1048,1048
"1026",0.6,24.7707635599171,22.0944424649998,1047.7,"1048, 1047.5, 1048, 1048, 1047",1048,1048,1048
"1027",0.6,27.8255940220713,22.0944424649998,1047.7,"1048, 1047.5, 1048, 1048, 1047",1048,1048,1048
"1028",0.6,31.2571584968824,22.0944424649998,1047.7,"1048, 1047.5, 1048, 1048, 1047",1048,1048,1048
"1029",0.6,35.1119173421513,22.0944424649998,1047.7,"1048, 1047.5, 1048, 1048, 1047",1048,1048,1048
"1030",0.6,39.4420605943766,22.0944424649998,1047.7,"1048, 1047.5, 1048, 1048, 1047",1048,1048,1048
"1031",0.6,44.3062145758388,22.0944424649998,1047.7,"1048, 1047.5, 1048, 1048, 1047",1048,1048,1048
"1032",0.6,49.7702356433211,22.0944424649998,1047.7,"1048, 1047.5, 1048, 1048, 1047",1048,1048,1048
"1033",0.6,55.9081018251222,22.0944424649998,1047.7,"1048, 1047.5, 1048, 1048, 1047",1048,1048,1048
"1034",0.6,62.8029144183425,22.0944424649998,1047.7,"1048, 1047.5, 1048, 1048, 1047",1048,1048,1048
"1035",0.6,70.5480231071865,22.0944424649998,1047.7,"1048, 1047.5, 1048, 1048, 1047",1048,1048,1048
"1036",0.6,79.2482898353917,22.0944424649998,1047.7,"1048, 1047.5, 1048, 1048, 1047",1048,1048,1048
"1037",0.6,89.0215085445039,22.0944424649998,1047.7,"1048, 1047.5, 1048, 1048, 1047",1048,1048,1048
"1038",0.6,100,22.0944424649998,1047.7,"1048, 1047.5, 1048, 1048, 1047",1048,1048,1048
"1039",0.7,22.0513073990305,22.0944424649998,1047.7,"1048, 1047.5, 1048, 1048, 1047",1048,1048,1048
"1040",0.7,24.7707635599171,22.0944424649998,1047.7,"1048, 1047.5, 1048, 1048, 1047",1048,1048,1048
"1041",0.7,27.8255940220713,22.0944424649998,1047.7,"1048, 1047.5, 1048, 1048, 1047",1048,1048,1048
"1042",0.7,31.2571584968824,22.0944424649998,1047.7,"1048, 1047.5, 1048, 1048, 1047",1048,1048,1048
"1043",0.7,35.1119173421513,22.0944424649998,1047.7,"1048, 1047.5, 1048, 1048, 1047",1048,1048,1048
"1044",0.7,39.4420605943766,22.0944424649998,1047.7,"1048, 1047.5, 1048, 1048, 1047",1048,1048,1048
"1045",0.7,44.3062145758388,22.0944424649998,1047.7,"1048, 1047.5, 1048, 1048, 1047",1048,1048,1048
"1046",0.7,49.7702356433211,22.0944424649998,1047.7,"1048, 1047.5, 1048, 1048, 1047",1048,1048,1048
"1047",0.7,55.9081018251222,22.0944424649998,1047.7,"1048, 1047.5, 1048, 1048, 1047",1048,1048,1048
"1048",0.7,62.8029144183425,22.0944424649998,1047.7,"1048, 1047.5, 1048, 1048, 1047",1048,1048,1048
"1049",0.7,70.5480231071865,22.0944424649998,1047.7,"1048, 1047.5, 1048, 1048, 1047",1048,1048,1048
"1050",0.7,79.2482898353917,22.0944424649998,1047.7,"1048, 1047.5, 1048, 1048, 1047",1048,1048,1048
"1051",0.7,89.0215085445039,22.0944424649998,1047.7,"1048, 1047.5, 1048, 1048, 1047",1048,1048,1048
"1052",0.7,100,22.0944424649998,1047.7,"1048, 1047.5, 1048, 1048, 1047",1048,1048,1048
"1053",0.8,19.6304065004027,22.0944424649998,1047.7,"1048, 1047.5, 1048, 1048, 1047",1048,1048,1048
"1054",0.8,22.0513073990305,22.0944424649998,1047.7,"1048, 1047.5, 1048, 1048, 1047",1048,1048,1048
"1055",0.8,24.7707635599171,22.0944424649998,1047.7,"1048, 1047.5, 1048, 1048, 1047",1048,1048,1048
"1056",0.8,27.8255940220713,22.0944424649998,1047.7,"1048, 1047.5, 1048, 1048, 1047",1048,1048,1048
"1057",0.8,31.2571584968824,22.0944424649998,1047.7,"1048, 1047.5, 1048, 1048, 1047",1048,1048,1048
"1058",0.8,35.1119173421513,22.0944424649998,1047.7,"1048, 1047.5, 1048, 1048, 1047",1048,1048,1048
"1059",0.8,39.4420605943766,22.0944424649998,1047.7,"1048, 1047.5, 1048, 1048, 1047",1048,1048,1048
"1060",0.8,44.3062145758388,22.0944424649998,1047.7,"1048, 1047.5, 1048, 1048, 1047",1048,1048,1048
"1061",0.8,49.7702356433211,22.0944424649998,1047.7,"1048, 1047.5, 1048, 1048, 1047",1048,1048,1048
"1062",0.8,55.9081018251222,22.0944424649998,1047.7,"1048, 1047.5, 1048, 1048, 1047",1048,1048,1048
"1063",0.8,62.8029144183425,22.0944424649998,1047.7,"1048, 1047.5, 1048, 1048, 1047",1048,1048,1048
"1064",0.8,70.5480231071865,22.0944424649998,1047.7,"1048, 1047.5, 1048, 1048, 1047",1048,1048,1048
"1065",0.8,79.2482898353917,22.0944424649998,1047.7,"1048, 1047.5, 1048, 1048, 1047",1048,1048,1048
"1066",0.8,89.0215085445039,22.0944424649998,1047.7,"1048, 1047.5, 1048, 1048, 1047",1048,1048,1048
"1067",0.8,100,22.0944424649998,1047.7,"1048, 1047.5, 1048, 1048, 1047",1048,1048,1048
"1068",0.9,17.4752840000768,22.0944424649998,1047.7,"1048, 1047.5, 1048, 1048, 1047",1048,1048,1048
"1069",0.9,19.6304065004027,22.0944424649998,1047.7,"1048, 1047.5, 1048, 1048, 1047",1048,1048,1048
"1070",0.9,22.0513073990305,22.0944424649998,1047.7,"1048, 1047.5, 1048, 1048, 1047",1048,1048,1048
"1071",0.9,24.7707635599171,22.0944424649998,1047.7,"1048, 1047.5, 1048, 1048, 1047",1048,1048,1048
"1072",0.9,27.8255940220713,22.0944424649998,1047.7,"1048, 1047.5, 1048, 1048, 1047",1048,1048,1048
"1073",0.9,31.2571584968824,22.0944424649998,1047.7,"1048, 1047.5, 1048, 1048, 1047",1048,1048,1048
"1074",0.9,35.1119173421513,22.0944424649998,1047.7,"1048, 1047.5, 1048, 1048, 1047",1048,1048,1048
"1075",0.9,39.4420605943766,22.0944424649998,1047.7,"1048, 1047.5, 1048, 1048, 1047",1048,1048,1048
"1076",0.9,44.3062145758388,22.0944424649998,1047.7,"1048, 1047.5, 1048, 1048, 1047",1048,1048,1048
"1077",0.9,49.7702356433211,22.0944424649998,1047.7,"1048, 1047.5, 1048, 1048, 1047",1048,1048,1048
"1078",0.9,55.9081018251222,22.0944424649998,1047.7,"1048, 1047.5, 1048, 1048, 1047",1048,1048,1048
"1079",0.9,62.8029144183425,22.0944424649998,1047.7,"1048, 1047.5, 1048, 1048, 1047",1048,1048,1048
"1080",0.9,70.5480231071865,22.0944424649998,1047.7,"1048, 1047.5, 1048, 1048, 1047",1048,1048,1048
"1081",0.9,79.2482898353917,22.0944424649998,1047.7,"1048, 1047.5, 1048, 1048, 1047",1048,1048,1048
"1082",0.9,89.0215085445039,22.0944424649998,1047.7,"1048, 1047.5, 1048, 1048, 1047",1048,1048,1048
"1083",0.9,100,22.0944424649998,1047.7,"1048, 1047.5, 1048, 1048, 1047",1048,1048,1048
"1084",1,15.5567614393047,22.0944424649998,1047.7,"1048, 1047.5, 1048, 1048, 1047",1048,1048,1048
"1085",1,17.4752840000768,22.0944424649998,1047.7,"1048, 1047.5, 1048, 1048, 1047",1048,1048,1048
"1086",1,19.6304065004027,22.0944424649998,1047.7,"1048, 1047.5, 1048, 1048, 1047",1048,1048,1048
"1087",1,22.0513073990305,22.0944424649998,1047.7,"1048, 1047.5, 1048, 1048, 1047",1048,1048,1048
"1088",1,24.7707635599171,22.0944424649998,1047.7,"1048, 1047.5, 1048, 1048, 1047",1048,1048,1048
"1089",1,27.8255940220713,22.0944424649998,1047.7,"1048, 1047.5, 1048, 1048, 1047",1048,1048,1048
"1090",1,31.2571584968824,22.0944424649998,1047.7,"1048, 1047.5, 1048, 1048, 1047",1048,1048,1048
"1091",1,35.1119173421513,22.0944424649998,1047.7,"1048, 1047.5, 1048, 1048, 1047",1048,1048,1048
"1092",1,39.4420605943766,22.0944424649998,1047.7,"1048, 1047.5, 1048, 1048, 1047",1048,1048,1048
"1093",1,44.3062145758388,22.0944424649998,1047.7,"1048, 1047.5, 1048, 1048, 1047",1048,1048,1048
"1094",1,49.7702356433211,22.0944424649998,1047.7,"1048, 1047.5, 1048, 1048, 1047",1048,1048,1048
"1095",1,55.9081018251222,22.0944424649998,1047.7,"1048, 1047.5, 1048, 1048, 1047",1048,1048,1048
"1096",1,62.8029144183425,22.0944424649998,1047.7,"1048, 1047.5, 1048, 1048, 1047",1048,1048,1048
"1097",1,70.5480231071865,22.0944424649998,1047.7,"1048, 1047.5, 1048, 1048, 1047",1048,1048,1048
"1098",1,79.2482898353917,22.0944424649998,1047.7,"1048, 1047.5, 1048, 1048, 1047",1048,1048,1048
"1099",1,89.0215085445039,22.0944424649998,1047.7,"1048, 1047.5, 1048, 1048, 1047",1048,1048,1048
"1100",1,100,22.0944424649998,1047.7,"1048, 1047.5, 1048, 1048, 1047",1048,1048,1048
