"","j","error","rmse","cor","auc","num_leaves","max_depth","learning_rate","feature_fraction","lambda_l1","lambda_l2","min_data_in_leaf"
"1",1,11.2114111982807,14.2668611542776,0.832476740595233,0.715846994535519,20,-1,0.01,0.6,0,0,20
"2",2,11.2114111982807,14.2668611542776,0.832476740595233,0.715846994535519,30,-1,0.01,0.6,0,0,20
"3",3,11.2114111982807,14.2668611542776,0.832476740595233,0.715846994535519,40,-1,0.01,0.6,0,0,20
"4",4,11.2648459833127,14.2570519119653,0.834170412726714,0.71416561580496,20,5,0.01,0.6,0,0,20
"5",5,11.2648459833127,14.2570519119653,0.834170412726714,0.71416561580496,30,5,0.01,0.6,0,0,20
"6",6,11.2648459833127,14.2570519119653,0.834170412726714,0.71416561580496,40,5,0.01,0.6,0,0,20
"7",7,11.2114111982807,14.2668611542776,0.832476740595233,0.715846994535519,20,10,0.01,0.6,0,0,20
"8",8,11.2114111982807,14.2668611542776,0.832476740595233,0.715846994535519,30,10,0.01,0.6,0,0,20
"9",9,11.2114111982807,14.2668611542776,0.832476740595233,0.715846994535519,40,10,0.01,0.6,0,0,20
"10",10,2.53067274614875,11.1216862813618,0.867135528484584,0.681378730559058,20,-1,0.05,0.6,0,0,20
"11",11,2.53067274614875,11.1216862813618,0.867135528484584,0.681378730559058,30,-1,0.05,0.6,0,0,20
"12",12,2.53067274614875,11.1216862813618,0.867135528484584,0.681378730559058,40,-1,0.05,0.6,0,0,20
"13",13,2.79283559796015,11.1265373475084,0.867477935758251,0.675073560319462,20,5,0.05,0.6,0,0,20
"14",14,2.79283559796015,11.1265373475084,0.867477935758251,0.675073560319462,30,5,0.05,0.6,0,0,20
"15",15,2.79283559796015,11.1265373475084,0.867477935758251,0.675073560319462,40,5,0.05,0.6,0,0,20
"16",16,2.53067274614875,11.1216862813618,0.867135528484584,0.681378730559058,20,10,0.05,0.6,0,0,20
"17",17,2.53067274614875,11.1216862813618,0.867135528484584,0.681378730559058,30,10,0.05,0.6,0,0,20
"18",18,2.53067274614875,11.1216862813618,0.867135528484584,0.681378730559058,40,10,0.05,0.6,0,0,20
"19",19,11.2114111982807,14.2668611542776,0.832476740595233,0.715846994535519,20,-1,0.01,0.8,0,0,20
"20",20,11.2114111982807,14.2668611542776,0.832476740595233,0.715846994535519,30,-1,0.01,0.8,0,0,20
"21",21,11.2114111982807,14.2668611542776,0.832476740595233,0.715846994535519,40,-1,0.01,0.8,0,0,20
"22",22,11.2648459833127,14.2570519119653,0.834170412726714,0.71416561580496,20,5,0.01,0.8,0,0,20
"23",23,11.2648459833127,14.2570519119653,0.834170412726714,0.71416561580496,30,5,0.01,0.8,0,0,20
"24",24,11.2648459833127,14.2570519119653,0.834170412726714,0.71416561580496,40,5,0.01,0.8,0,0,20
"25",25,11.2114111982807,14.2668611542776,0.832476740595233,0.715846994535519,20,10,0.01,0.8,0,0,20
"26",26,11.2114111982807,14.2668611542776,0.832476740595233,0.715846994535519,30,10,0.01,0.8,0,0,20
"27",27,11.2114111982807,14.2668611542776,0.832476740595233,0.715846994535519,40,10,0.01,0.8,0,0,20
"28",28,2.53067274614875,11.1216862813618,0.867135528484584,0.681378730559058,20,-1,0.05,0.8,0,0,20
"29",29,2.53067274614875,11.1216862813618,0.867135528484584,0.681378730559058,30,-1,0.05,0.8,0,0,20
"30",30,2.53067274614875,11.1216862813618,0.867135528484584,0.681378730559058,40,-1,0.05,0.8,0,0,20
"31",31,2.79283559796015,11.1265373475084,0.867477935758251,0.675073560319462,20,5,0.05,0.8,0,0,20
"32",32,2.79283559796015,11.1265373475084,0.867477935758251,0.675073560319462,30,5,0.05,0.8,0,0,20
"33",33,2.79283559796015,11.1265373475084,0.867477935758251,0.675073560319462,40,5,0.05,0.8,0,0,20
"34",34,2.53067274614875,11.1216862813618,0.867135528484584,0.681378730559058,20,10,0.05,0.8,0,0,20
"35",35,2.53067274614875,11.1216862813618,0.867135528484584,0.681378730559058,30,10,0.05,0.8,0,0,20
"36",36,2.53067274614875,11.1216862813618,0.867135528484584,0.681378730559058,40,10,0.05,0.8,0,0,20
"37",37,11.2114111982807,14.2668611542776,0.832476740595233,0.715846994535519,20,-1,0.01,0.6,0.1,0,20
"38",38,11.2114111982807,14.2668611542776,0.832476740595233,0.715846994535519,30,-1,0.01,0.6,0.1,0,20
"39",39,11.2114111982807,14.2668611542776,0.832476740595233,0.715846994535519,40,-1,0.01,0.6,0.1,0,20
"40",40,11.2648459833127,14.2570519119653,0.834170412726714,0.71416561580496,20,5,0.01,0.6,0.1,0,20
"41",41,11.2648459833127,14.2570519119653,0.834170412726714,0.71416561580496,30,5,0.01,0.6,0.1,0,20
"42",42,11.2648459833127,14.2570519119653,0.834170412726714,0.71416561580496,40,5,0.01,0.6,0.1,0,20
"43",43,11.2114111982807,14.2668611542776,0.832476740595233,0.715846994535519,20,10,0.01,0.6,0.1,0,20
"44",44,11.2114111982807,14.2668611542776,0.832476740595233,0.715846994535519,30,10,0.01,0.6,0.1,0,20
"45",45,11.2114111982807,14.2668611542776,0.832476740595233,0.715846994535519,40,10,0.01,0.6,0.1,0,20
"46",46,2.53067274614875,11.1216862813618,0.867135528484584,0.681378730559058,20,-1,0.05,0.6,0.1,0,20
"47",47,2.53067274614875,11.1216862813618,0.867135528484584,0.681378730559058,30,-1,0.05,0.6,0.1,0,20
"48",48,2.53067274614875,11.1216862813618,0.867135528484584,0.681378730559058,40,-1,0.05,0.6,0.1,0,20
"49",49,2.79283559796015,11.1265373475084,0.867477935758251,0.675073560319462,20,5,0.05,0.6,0.1,0,20
"50",50,2.79283559796015,11.1265373475084,0.867477935758251,0.675073560319462,30,5,0.05,0.6,0.1,0,20
"51",51,2.79283559796015,11.1265373475084,0.867477935758251,0.675073560319462,40,5,0.05,0.6,0.1,0,20
"52",52,2.53067274614875,11.1216862813618,0.867135528484584,0.681378730559058,20,10,0.05,0.6,0.1,0,20
"53",53,2.53067274614875,11.1216862813618,0.867135528484584,0.681378730559058,30,10,0.05,0.6,0.1,0,20
"54",54,2.53067274614875,11.1216862813618,0.867135528484584,0.681378730559058,40,10,0.05,0.6,0.1,0,20
"55",55,11.2114111982807,14.2668611542776,0.832476740595233,0.715846994535519,20,-1,0.01,0.8,0.1,0,20
"56",56,11.2114111982807,14.2668611542776,0.832476740595233,0.715846994535519,30,-1,0.01,0.8,0.1,0,20
"57",57,11.2114111982807,14.2668611542776,0.832476740595233,0.715846994535519,40,-1,0.01,0.8,0.1,0,20
"58",58,11.2648459833127,14.2570519119653,0.834170412726714,0.71416561580496,20,5,0.01,0.8,0.1,0,20
"59",59,11.2648459833127,14.2570519119653,0.834170412726714,0.71416561580496,30,5,0.01,0.8,0.1,0,20
"60",60,11.2648459833127,14.2570519119653,0.834170412726714,0.71416561580496,40,5,0.01,0.8,0.1,0,20
"61",61,11.2114111982807,14.2668611542776,0.832476740595233,0.715846994535519,20,10,0.01,0.8,0.1,0,20
"62",62,11.2114111982807,14.2668611542776,0.832476740595233,0.715846994535519,30,10,0.01,0.8,0.1,0,20
"63",63,11.2114111982807,14.2668611542776,0.832476740595233,0.715846994535519,40,10,0.01,0.8,0.1,0,20
"64",64,2.53067274614875,11.1216862813618,0.867135528484584,0.681378730559058,20,-1,0.05,0.8,0.1,0,20
"65",65,2.53067274614875,11.1216862813618,0.867135528484584,0.681378730559058,30,-1,0.05,0.8,0.1,0,20
"66",66,2.53067274614875,11.1216862813618,0.867135528484584,0.681378730559058,40,-1,0.05,0.8,0.1,0,20
"67",67,2.79283559796015,11.1265373475084,0.867477935758251,0.675073560319462,20,5,0.05,0.8,0.1,0,20
"68",68,2.79283559796015,11.1265373475084,0.867477935758251,0.675073560319462,30,5,0.05,0.8,0.1,0,20
"69",69,2.79283559796015,11.1265373475084,0.867477935758251,0.675073560319462,40,5,0.05,0.8,0.1,0,20
"70",70,2.53067274614875,11.1216862813618,0.867135528484584,0.681378730559058,20,10,0.05,0.8,0.1,0,20
"71",71,2.53067274614875,11.1216862813618,0.867135528484584,0.681378730559058,30,10,0.05,0.8,0.1,0,20
"72",72,2.53067274614875,11.1216862813618,0.867135528484584,0.681378730559058,40,10,0.05,0.8,0.1,0,20
"73",73,11.2114111982807,14.2668611542776,0.832476740595233,0.715846994535519,20,-1,0.01,0.6,0,0.1,20
"74",74,11.2114111982807,14.2668611542776,0.832476740595233,0.715846994535519,30,-1,0.01,0.6,0,0.1,20
"75",75,11.2114111982807,14.2668611542776,0.832476740595233,0.715846994535519,40,-1,0.01,0.6,0,0.1,20
"76",76,11.2648459833127,14.2570519119653,0.834170412726714,0.71416561580496,20,5,0.01,0.6,0,0.1,20
"77",77,11.2648459833127,14.2570519119653,0.834170412726714,0.71416561580496,30,5,0.01,0.6,0,0.1,20
"78",78,11.2648459833127,14.2570519119653,0.834170412726714,0.71416561580496,40,5,0.01,0.6,0,0.1,20
"79",79,11.2114111982807,14.2668611542776,0.832476740595233,0.715846994535519,20,10,0.01,0.6,0,0.1,20
"80",80,11.2114111982807,14.2668611542776,0.832476740595233,0.715846994535519,30,10,0.01,0.6,0,0.1,20
"81",81,11.2114111982807,14.2668611542776,0.832476740595233,0.715846994535519,40,10,0.01,0.6,0,0.1,20
"82",82,2.53067274614875,11.1216862813618,0.867135528484584,0.681378730559058,20,-1,0.05,0.6,0,0.1,20
"83",83,2.53067274614875,11.1216862813618,0.867135528484584,0.681378730559058,30,-1,0.05,0.6,0,0.1,20
"84",84,2.53067274614875,11.1216862813618,0.867135528484584,0.681378730559058,40,-1,0.05,0.6,0,0.1,20
"85",85,2.79283559796015,11.1265373475084,0.867477935758251,0.675073560319462,20,5,0.05,0.6,0,0.1,20
"86",86,2.79283559796015,11.1265373475084,0.867477935758251,0.675073560319462,30,5,0.05,0.6,0,0.1,20
"87",87,2.79283559796015,11.1265373475084,0.867477935758251,0.675073560319462,40,5,0.05,0.6,0,0.1,20
"88",88,2.53067274614875,11.1216862813618,0.867135528484584,0.681378730559058,20,10,0.05,0.6,0,0.1,20
"89",89,2.53067274614875,11.1216862813618,0.867135528484584,0.681378730559058,30,10,0.05,0.6,0,0.1,20
"90",90,2.53067274614875,11.1216862813618,0.867135528484584,0.681378730559058,40,10,0.05,0.6,0,0.1,20
"91",91,11.2114111982807,14.2668611542776,0.832476740595233,0.715846994535519,20,-1,0.01,0.8,0,0.1,20
"92",92,11.2114111982807,14.2668611542776,0.832476740595233,0.715846994535519,30,-1,0.01,0.8,0,0.1,20
"93",93,11.2114111982807,14.2668611542776,0.832476740595233,0.715846994535519,40,-1,0.01,0.8,0,0.1,20
"94",94,11.2648459833127,14.2570519119653,0.834170412726714,0.71416561580496,20,5,0.01,0.8,0,0.1,20
"95",95,11.2648459833127,14.2570519119653,0.834170412726714,0.71416561580496,30,5,0.01,0.8,0,0.1,20
"96",96,11.2648459833127,14.2570519119653,0.834170412726714,0.71416561580496,40,5,0.01,0.8,0,0.1,20
"97",97,11.2114111982807,14.2668611542776,0.832476740595233,0.715846994535519,20,10,0.01,0.8,0,0.1,20
"98",98,11.2114111982807,14.2668611542776,0.832476740595233,0.715846994535519,30,10,0.01,0.8,0,0.1,20
"99",99,11.2114111982807,14.2668611542776,0.832476740595233,0.715846994535519,40,10,0.01,0.8,0,0.1,20
"100",100,2.53067274614875,11.1216862813618,0.867135528484584,0.681378730559058,20,-1,0.05,0.8,0,0.1,20
"101",101,2.53067274614875,11.1216862813618,0.867135528484584,0.681378730559058,30,-1,0.05,0.8,0,0.1,20
"102",102,2.53067274614875,11.1216862813618,0.867135528484584,0.681378730559058,40,-1,0.05,0.8,0,0.1,20
"103",103,2.79283559796015,11.1265373475084,0.867477935758251,0.675073560319462,20,5,0.05,0.8,0,0.1,20
"104",104,2.79283559796015,11.1265373475084,0.867477935758251,0.675073560319462,30,5,0.05,0.8,0,0.1,20
"105",105,2.79283559796015,11.1265373475084,0.867477935758251,0.675073560319462,40,5,0.05,0.8,0,0.1,20
"106",106,2.53067274614875,11.1216862813618,0.867135528484584,0.681378730559058,20,10,0.05,0.8,0,0.1,20
"107",107,2.53067274614875,11.1216862813618,0.867135528484584,0.681378730559058,30,10,0.05,0.8,0,0.1,20
"108",108,2.53067274614875,11.1216862813618,0.867135528484584,0.681378730559058,40,10,0.05,0.8,0,0.1,20
"109",109,11.2114111982807,14.2668611542776,0.832476740595233,0.715846994535519,20,-1,0.01,0.6,0.1,0.1,20
"110",110,11.2114111982807,14.2668611542776,0.832476740595233,0.715846994535519,30,-1,0.01,0.6,0.1,0.1,20
"111",111,11.2114111982807,14.2668611542776,0.832476740595233,0.715846994535519,40,-1,0.01,0.6,0.1,0.1,20
"112",112,11.2648459833127,14.2570519119653,0.834170412726714,0.71416561580496,20,5,0.01,0.6,0.1,0.1,20
"113",113,11.2648459833127,14.2570519119653,0.834170412726714,0.71416561580496,30,5,0.01,0.6,0.1,0.1,20
"114",114,11.2648459833127,14.2570519119653,0.834170412726714,0.71416561580496,40,5,0.01,0.6,0.1,0.1,20
"115",115,11.2114111982807,14.2668611542776,0.832476740595233,0.715846994535519,20,10,0.01,0.6,0.1,0.1,20
"116",116,11.2114111982807,14.2668611542776,0.832476740595233,0.715846994535519,30,10,0.01,0.6,0.1,0.1,20
"117",117,11.2114111982807,14.2668611542776,0.832476740595233,0.715846994535519,40,10,0.01,0.6,0.1,0.1,20
"118",118,2.53067274614875,11.1216862813618,0.867135528484584,0.681378730559058,20,-1,0.05,0.6,0.1,0.1,20
"119",119,2.53067274614875,11.1216862813618,0.867135528484584,0.681378730559058,30,-1,0.05,0.6,0.1,0.1,20
"120",120,2.53067274614875,11.1216862813618,0.867135528484584,0.681378730559058,40,-1,0.05,0.6,0.1,0.1,20
"121",121,2.79283559796015,11.1265373475084,0.867477935758251,0.675073560319462,20,5,0.05,0.6,0.1,0.1,20
"122",122,2.79283559796015,11.1265373475084,0.867477935758251,0.675073560319462,30,5,0.05,0.6,0.1,0.1,20
"123",123,2.79283559796015,11.1265373475084,0.867477935758251,0.675073560319462,40,5,0.05,0.6,0.1,0.1,20
"124",124,2.53067274614875,11.1216862813618,0.867135528484584,0.681378730559058,20,10,0.05,0.6,0.1,0.1,20
"125",125,2.53067274614875,11.1216862813618,0.867135528484584,0.681378730559058,30,10,0.05,0.6,0.1,0.1,20
"126",126,2.53067274614875,11.1216862813618,0.867135528484584,0.681378730559058,40,10,0.05,0.6,0.1,0.1,20
"127",127,11.2114111982807,14.2668611542776,0.832476740595233,0.715846994535519,20,-1,0.01,0.8,0.1,0.1,20
"128",128,11.2114111982807,14.2668611542776,0.832476740595233,0.715846994535519,30,-1,0.01,0.8,0.1,0.1,20
"129",129,11.2114111982807,14.2668611542776,0.832476740595233,0.715846994535519,40,-1,0.01,0.8,0.1,0.1,20
"130",130,11.2648459833127,14.2570519119653,0.834170412726714,0.71416561580496,20,5,0.01,0.8,0.1,0.1,20
"131",131,11.2648459833127,14.2570519119653,0.834170412726714,0.71416561580496,30,5,0.01,0.8,0.1,0.1,20
"132",132,11.2648459833127,14.2570519119653,0.834170412726714,0.71416561580496,40,5,0.01,0.8,0.1,0.1,20
"133",133,11.2114111982807,14.2668611542776,0.832476740595233,0.715846994535519,20,10,0.01,0.8,0.1,0.1,20
"134",134,11.2114111982807,14.2668611542776,0.832476740595233,0.715846994535519,30,10,0.01,0.8,0.1,0.1,20
"135",135,11.2114111982807,14.2668611542776,0.832476740595233,0.715846994535519,40,10,0.01,0.8,0.1,0.1,20
"136",136,2.53067274614875,11.1216862813618,0.867135528484584,0.681378730559058,20,-1,0.05,0.8,0.1,0.1,20
"137",137,2.53067274614875,11.1216862813618,0.867135528484584,0.681378730559058,30,-1,0.05,0.8,0.1,0.1,20
"138",138,2.53067274614875,11.1216862813618,0.867135528484584,0.681378730559058,40,-1,0.05,0.8,0.1,0.1,20
"139",139,2.79283559796015,11.1265373475084,0.867477935758251,0.675073560319462,20,5,0.05,0.8,0.1,0.1,20
"140",140,2.79283559796015,11.1265373475084,0.867477935758251,0.675073560319462,30,5,0.05,0.8,0.1,0.1,20
"141",141,2.79283559796015,11.1265373475084,0.867477935758251,0.675073560319462,40,5,0.05,0.8,0.1,0.1,20
"142",142,2.53067274614875,11.1216862813618,0.867135528484584,0.681378730559058,20,10,0.05,0.8,0.1,0.1,20
"143",143,2.53067274614875,11.1216862813618,0.867135528484584,0.681378730559058,30,10,0.05,0.8,0.1,0.1,20
"144",144,2.53067274614875,11.1216862813618,0.867135528484584,0.681378730559058,40,10,0.05,0.8,0.1,0.1,20
"145",145,11.2114111982807,14.2668611542776,0.832476740595233,0.715846994535519,20,-1,0.01,0.6,0,0,50
"146",146,11.2114111982807,14.2668611542776,0.832476740595233,0.715846994535519,30,-1,0.01,0.6,0,0,50
"147",147,11.2114111982807,14.2668611542776,0.832476740595233,0.715846994535519,40,-1,0.01,0.6,0,0,50
"148",148,11.2648459833127,14.2570519119653,0.834170412726714,0.71416561580496,20,5,0.01,0.6,0,0,50
"149",149,11.2648459833127,14.2570519119653,0.834170412726714,0.71416561580496,30,5,0.01,0.6,0,0,50
"150",150,11.2648459833127,14.2570519119653,0.834170412726714,0.71416561580496,40,5,0.01,0.6,0,0,50
"151",151,11.2114111982807,14.2668611542776,0.832476740595233,0.715846994535519,20,10,0.01,0.6,0,0,50
"152",152,11.2114111982807,14.2668611542776,0.832476740595233,0.715846994535519,30,10,0.01,0.6,0,0,50
"153",153,11.2114111982807,14.2668611542776,0.832476740595233,0.715846994535519,40,10,0.01,0.6,0,0,50
"154",154,2.53067274614875,11.1216862813618,0.867135528484584,0.681378730559058,20,-1,0.05,0.6,0,0,50
"155",155,2.53067274614875,11.1216862813618,0.867135528484584,0.681378730559058,30,-1,0.05,0.6,0,0,50
"156",156,2.53067274614875,11.1216862813618,0.867135528484584,0.681378730559058,40,-1,0.05,0.6,0,0,50
"157",157,2.79283559796015,11.1265373475084,0.867477935758251,0.675073560319462,20,5,0.05,0.6,0,0,50
"158",158,2.79283559796015,11.1265373475084,0.867477935758251,0.675073560319462,30,5,0.05,0.6,0,0,50
"159",159,2.79283559796015,11.1265373475084,0.867477935758251,0.675073560319462,40,5,0.05,0.6,0,0,50
"160",160,2.53067274614875,11.1216862813618,0.867135528484584,0.681378730559058,20,10,0.05,0.6,0,0,50
"161",161,2.53067274614875,11.1216862813618,0.867135528484584,0.681378730559058,30,10,0.05,0.6,0,0,50
"162",162,2.53067274614875,11.1216862813618,0.867135528484584,0.681378730559058,40,10,0.05,0.6,0,0,50
"163",163,11.2114111982807,14.2668611542776,0.832476740595233,0.715846994535519,20,-1,0.01,0.8,0,0,50
"164",164,11.2114111982807,14.2668611542776,0.832476740595233,0.715846994535519,30,-1,0.01,0.8,0,0,50
"165",165,11.2114111982807,14.2668611542776,0.832476740595233,0.715846994535519,40,-1,0.01,0.8,0,0,50
"166",166,11.2648459833127,14.2570519119653,0.834170412726714,0.71416561580496,20,5,0.01,0.8,0,0,50
"167",167,11.2648459833127,14.2570519119653,0.834170412726714,0.71416561580496,30,5,0.01,0.8,0,0,50
"168",168,11.2648459833127,14.2570519119653,0.834170412726714,0.71416561580496,40,5,0.01,0.8,0,0,50
"169",169,11.2114111982807,14.2668611542776,0.832476740595233,0.715846994535519,20,10,0.01,0.8,0,0,50
"170",170,11.2114111982807,14.2668611542776,0.832476740595233,0.715846994535519,30,10,0.01,0.8,0,0,50
"171",171,11.2114111982807,14.2668611542776,0.832476740595233,0.715846994535519,40,10,0.01,0.8,0,0,50
"172",172,2.53067274614875,11.1216862813618,0.867135528484584,0.681378730559058,20,-1,0.05,0.8,0,0,50
"173",173,2.53067274614875,11.1216862813618,0.867135528484584,0.681378730559058,30,-1,0.05,0.8,0,0,50
"174",174,2.53067274614875,11.1216862813618,0.867135528484584,0.681378730559058,40,-1,0.05,0.8,0,0,50
"175",175,2.79283559796015,11.1265373475084,0.867477935758251,0.675073560319462,20,5,0.05,0.8,0,0,50
"176",176,2.79283559796015,11.1265373475084,0.867477935758251,0.675073560319462,30,5,0.05,0.8,0,0,50
"177",177,2.79283559796015,11.1265373475084,0.867477935758251,0.675073560319462,40,5,0.05,0.8,0,0,50
"178",178,2.53067274614875,11.1216862813618,0.867135528484584,0.681378730559058,20,10,0.05,0.8,0,0,50
"179",179,2.53067274614875,11.1216862813618,0.867135528484584,0.681378730559058,30,10,0.05,0.8,0,0,50
"180",180,2.53067274614875,11.1216862813618,0.867135528484584,0.681378730559058,40,10,0.05,0.8,0,0,50
"181",181,11.2114111982807,14.2668611542776,0.832476740595233,0.715846994535519,20,-1,0.01,0.6,0.1,0,50
"182",182,11.2114111982807,14.2668611542776,0.832476740595233,0.715846994535519,30,-1,0.01,0.6,0.1,0,50
"183",183,11.2114111982807,14.2668611542776,0.832476740595233,0.715846994535519,40,-1,0.01,0.6,0.1,0,50
"184",184,11.2648459833127,14.2570519119653,0.834170412726714,0.71416561580496,20,5,0.01,0.6,0.1,0,50
"185",185,11.2648459833127,14.2570519119653,0.834170412726714,0.71416561580496,30,5,0.01,0.6,0.1,0,50
"186",186,11.2648459833127,14.2570519119653,0.834170412726714,0.71416561580496,40,5,0.01,0.6,0.1,0,50
"187",187,11.2114111982807,14.2668611542776,0.832476740595233,0.715846994535519,20,10,0.01,0.6,0.1,0,50
"188",188,11.2114111982807,14.2668611542776,0.832476740595233,0.715846994535519,30,10,0.01,0.6,0.1,0,50
"189",189,11.2114111982807,14.2668611542776,0.832476740595233,0.715846994535519,40,10,0.01,0.6,0.1,0,50
"190",190,2.53067274614875,11.1216862813618,0.867135528484584,0.681378730559058,20,-1,0.05,0.6,0.1,0,50
"191",191,2.53067274614875,11.1216862813618,0.867135528484584,0.681378730559058,30,-1,0.05,0.6,0.1,0,50
"192",192,2.53067274614875,11.1216862813618,0.867135528484584,0.681378730559058,40,-1,0.05,0.6,0.1,0,50
"193",193,2.79283559796015,11.1265373475084,0.867477935758251,0.675073560319462,20,5,0.05,0.6,0.1,0,50
"194",194,2.79283559796015,11.1265373475084,0.867477935758251,0.675073560319462,30,5,0.05,0.6,0.1,0,50
"195",195,2.79283559796015,11.1265373475084,0.867477935758251,0.675073560319462,40,5,0.05,0.6,0.1,0,50
"196",196,2.53067274614875,11.1216862813618,0.867135528484584,0.681378730559058,20,10,0.05,0.6,0.1,0,50
"197",197,2.53067274614875,11.1216862813618,0.867135528484584,0.681378730559058,30,10,0.05,0.6,0.1,0,50
"198",198,2.53067274614875,11.1216862813618,0.867135528484584,0.681378730559058,40,10,0.05,0.6,0.1,0,50
"199",199,11.2114111982807,14.2668611542776,0.832476740595233,0.715846994535519,20,-1,0.01,0.8,0.1,0,50
"200",200,11.2114111982807,14.2668611542776,0.832476740595233,0.715846994535519,30,-1,0.01,0.8,0.1,0,50
"201",201,11.2114111982807,14.2668611542776,0.832476740595233,0.715846994535519,40,-1,0.01,0.8,0.1,0,50
"202",202,11.2648459833127,14.2570519119653,0.834170412726714,0.71416561580496,20,5,0.01,0.8,0.1,0,50
"203",203,11.2648459833127,14.2570519119653,0.834170412726714,0.71416561580496,30,5,0.01,0.8,0.1,0,50
"204",204,11.2648459833127,14.2570519119653,0.834170412726714,0.71416561580496,40,5,0.01,0.8,0.1,0,50
"205",205,11.2114111982807,14.2668611542776,0.832476740595233,0.715846994535519,20,10,0.01,0.8,0.1,0,50
"206",206,11.2114111982807,14.2668611542776,0.832476740595233,0.715846994535519,30,10,0.01,0.8,0.1,0,50
"207",207,11.2114111982807,14.2668611542776,0.832476740595233,0.715846994535519,40,10,0.01,0.8,0.1,0,50
"208",208,2.53067274614875,11.1216862813618,0.867135528484584,0.681378730559058,20,-1,0.05,0.8,0.1,0,50
"209",209,2.53067274614875,11.1216862813618,0.867135528484584,0.681378730559058,30,-1,0.05,0.8,0.1,0,50
"210",210,2.53067274614875,11.1216862813618,0.867135528484584,0.681378730559058,40,-1,0.05,0.8,0.1,0,50
"211",211,2.79283559796015,11.1265373475084,0.867477935758251,0.675073560319462,20,5,0.05,0.8,0.1,0,50
"212",212,2.79283559796015,11.1265373475084,0.867477935758251,0.675073560319462,30,5,0.05,0.8,0.1,0,50
"213",213,2.79283559796015,11.1265373475084,0.867477935758251,0.675073560319462,40,5,0.05,0.8,0.1,0,50
"214",214,2.53067274614875,11.1216862813618,0.867135528484584,0.681378730559058,20,10,0.05,0.8,0.1,0,50
"215",215,2.53067274614875,11.1216862813618,0.867135528484584,0.681378730559058,30,10,0.05,0.8,0.1,0,50
"216",216,2.53067274614875,11.1216862813618,0.867135528484584,0.681378730559058,40,10,0.05,0.8,0.1,0,50
"217",217,11.2114111982807,14.2668611542776,0.832476740595233,0.715846994535519,20,-1,0.01,0.6,0,0.1,50
"218",218,11.2114111982807,14.2668611542776,0.832476740595233,0.715846994535519,30,-1,0.01,0.6,0,0.1,50
"219",219,11.2114111982807,14.2668611542776,0.832476740595233,0.715846994535519,40,-1,0.01,0.6,0,0.1,50
"220",220,11.2648459833127,14.2570519119653,0.834170412726714,0.71416561580496,20,5,0.01,0.6,0,0.1,50
"221",221,11.2648459833127,14.2570519119653,0.834170412726714,0.71416561580496,30,5,0.01,0.6,0,0.1,50
"222",222,11.2648459833127,14.2570519119653,0.834170412726714,0.71416561580496,40,5,0.01,0.6,0,0.1,50
"223",223,11.2114111982807,14.2668611542776,0.832476740595233,0.715846994535519,20,10,0.01,0.6,0,0.1,50
"224",224,11.2114111982807,14.2668611542776,0.832476740595233,0.715846994535519,30,10,0.01,0.6,0,0.1,50
"225",225,11.2114111982807,14.2668611542776,0.832476740595233,0.715846994535519,40,10,0.01,0.6,0,0.1,50
"226",226,2.53067274614875,11.1216862813618,0.867135528484584,0.681378730559058,20,-1,0.05,0.6,0,0.1,50
"227",227,2.53067274614875,11.1216862813618,0.867135528484584,0.681378730559058,30,-1,0.05,0.6,0,0.1,50
"228",228,2.53067274614875,11.1216862813618,0.867135528484584,0.681378730559058,40,-1,0.05,0.6,0,0.1,50
"229",229,2.79283559796015,11.1265373475084,0.867477935758251,0.675073560319462,20,5,0.05,0.6,0,0.1,50
"230",230,2.79283559796015,11.1265373475084,0.867477935758251,0.675073560319462,30,5,0.05,0.6,0,0.1,50
"231",231,2.79283559796015,11.1265373475084,0.867477935758251,0.675073560319462,40,5,0.05,0.6,0,0.1,50
"232",232,2.53067274614875,11.1216862813618,0.867135528484584,0.681378730559058,20,10,0.05,0.6,0,0.1,50
"233",233,2.53067274614875,11.1216862813618,0.867135528484584,0.681378730559058,30,10,0.05,0.6,0,0.1,50
"234",234,2.53067274614875,11.1216862813618,0.867135528484584,0.681378730559058,40,10,0.05,0.6,0,0.1,50
"235",235,11.2114111982807,14.2668611542776,0.832476740595233,0.715846994535519,20,-1,0.01,0.8,0,0.1,50
"236",236,11.2114111982807,14.2668611542776,0.832476740595233,0.715846994535519,30,-1,0.01,0.8,0,0.1,50
"237",237,11.2114111982807,14.2668611542776,0.832476740595233,0.715846994535519,40,-1,0.01,0.8,0,0.1,50
"238",238,11.2648459833127,14.2570519119653,0.834170412726714,0.71416561580496,20,5,0.01,0.8,0,0.1,50
"239",239,11.2648459833127,14.2570519119653,0.834170412726714,0.71416561580496,30,5,0.01,0.8,0,0.1,50
"240",240,11.2648459833127,14.2570519119653,0.834170412726714,0.71416561580496,40,5,0.01,0.8,0,0.1,50
"241",241,11.2114111982807,14.2668611542776,0.832476740595233,0.715846994535519,20,10,0.01,0.8,0,0.1,50
"242",242,11.2114111982807,14.2668611542776,0.832476740595233,0.715846994535519,30,10,0.01,0.8,0,0.1,50
"243",243,11.2114111982807,14.2668611542776,0.832476740595233,0.715846994535519,40,10,0.01,0.8,0,0.1,50
"244",244,2.53067274614875,11.1216862813618,0.867135528484584,0.681378730559058,20,-1,0.05,0.8,0,0.1,50
"245",245,2.53067274614875,11.1216862813618,0.867135528484584,0.681378730559058,30,-1,0.05,0.8,0,0.1,50
"246",246,2.53067274614875,11.1216862813618,0.867135528484584,0.681378730559058,40,-1,0.05,0.8,0,0.1,50
"247",247,2.79283559796015,11.1265373475084,0.867477935758251,0.675073560319462,20,5,0.05,0.8,0,0.1,50
"248",248,2.79283559796015,11.1265373475084,0.867477935758251,0.675073560319462,30,5,0.05,0.8,0,0.1,50
"249",249,2.79283559796015,11.1265373475084,0.867477935758251,0.675073560319462,40,5,0.05,0.8,0,0.1,50
"250",250,2.53067274614875,11.1216862813618,0.867135528484584,0.681378730559058,20,10,0.05,0.8,0,0.1,50
"251",251,2.53067274614875,11.1216862813618,0.867135528484584,0.681378730559058,30,10,0.05,0.8,0,0.1,50
"252",252,2.53067274614875,11.1216862813618,0.867135528484584,0.681378730559058,40,10,0.05,0.8,0,0.1,50
"253",253,11.2114111982807,14.2668611542776,0.832476740595233,0.715846994535519,20,-1,0.01,0.6,0.1,0.1,50
"254",254,11.2114111982807,14.2668611542776,0.832476740595233,0.715846994535519,30,-1,0.01,0.6,0.1,0.1,50
"255",255,11.2114111982807,14.2668611542776,0.832476740595233,0.715846994535519,40,-1,0.01,0.6,0.1,0.1,50
"256",256,11.2648459833127,14.2570519119653,0.834170412726714,0.71416561580496,20,5,0.01,0.6,0.1,0.1,50
"257",257,11.2648459833127,14.2570519119653,0.834170412726714,0.71416561580496,30,5,0.01,0.6,0.1,0.1,50
"258",258,11.2648459833127,14.2570519119653,0.834170412726714,0.71416561580496,40,5,0.01,0.6,0.1,0.1,50
"259",259,11.2114111982807,14.2668611542776,0.832476740595233,0.715846994535519,20,10,0.01,0.6,0.1,0.1,50
"260",260,11.2114111982807,14.2668611542776,0.832476740595233,0.715846994535519,30,10,0.01,0.6,0.1,0.1,50
"261",261,11.2114111982807,14.2668611542776,0.832476740595233,0.715846994535519,40,10,0.01,0.6,0.1,0.1,50
"262",262,2.53067274614875,11.1216862813618,0.867135528484584,0.681378730559058,20,-1,0.05,0.6,0.1,0.1,50
"263",263,2.53067274614875,11.1216862813618,0.867135528484584,0.681378730559058,30,-1,0.05,0.6,0.1,0.1,50
"264",264,2.53067274614875,11.1216862813618,0.867135528484584,0.681378730559058,40,-1,0.05,0.6,0.1,0.1,50
"265",265,2.79283559796015,11.1265373475084,0.867477935758251,0.675073560319462,20,5,0.05,0.6,0.1,0.1,50
"266",266,2.79283559796015,11.1265373475084,0.867477935758251,0.675073560319462,30,5,0.05,0.6,0.1,0.1,50
"267",267,2.79283559796015,11.1265373475084,0.867477935758251,0.675073560319462,40,5,0.05,0.6,0.1,0.1,50
"268",268,2.53067274614875,11.1216862813618,0.867135528484584,0.681378730559058,20,10,0.05,0.6,0.1,0.1,50
"269",269,2.53067274614875,11.1216862813618,0.867135528484584,0.681378730559058,30,10,0.05,0.6,0.1,0.1,50
"270",270,2.53067274614875,11.1216862813618,0.867135528484584,0.681378730559058,40,10,0.05,0.6,0.1,0.1,50
"271",271,11.2114111982807,14.2668611542776,0.832476740595233,0.715846994535519,20,-1,0.01,0.8,0.1,0.1,50
"272",272,11.2114111982807,14.2668611542776,0.832476740595233,0.715846994535519,30,-1,0.01,0.8,0.1,0.1,50
"273",273,11.2114111982807,14.2668611542776,0.832476740595233,0.715846994535519,40,-1,0.01,0.8,0.1,0.1,50
"274",274,11.2648459833127,14.2570519119653,0.834170412726714,0.71416561580496,20,5,0.01,0.8,0.1,0.1,50
"275",275,11.2648459833127,14.2570519119653,0.834170412726714,0.71416561580496,30,5,0.01,0.8,0.1,0.1,50
"276",276,11.2648459833127,14.2570519119653,0.834170412726714,0.71416561580496,40,5,0.01,0.8,0.1,0.1,50
"277",277,11.2114111982807,14.2668611542776,0.832476740595233,0.715846994535519,20,10,0.01,0.8,0.1,0.1,50
"278",278,11.2114111982807,14.2668611542776,0.832476740595233,0.715846994535519,30,10,0.01,0.8,0.1,0.1,50
"279",279,11.2114111982807,14.2668611542776,0.832476740595233,0.715846994535519,40,10,0.01,0.8,0.1,0.1,50
"280",280,2.53067274614875,11.1216862813618,0.867135528484584,0.681378730559058,20,-1,0.05,0.8,0.1,0.1,50
"281",281,2.53067274614875,11.1216862813618,0.867135528484584,0.681378730559058,30,-1,0.05,0.8,0.1,0.1,50
"282",282,2.53067274614875,11.1216862813618,0.867135528484584,0.681378730559058,40,-1,0.05,0.8,0.1,0.1,50
"283",283,2.79283559796015,11.1265373475084,0.867477935758251,0.675073560319462,20,5,0.05,0.8,0.1,0.1,50
"284",284,2.79283559796015,11.1265373475084,0.867477935758251,0.675073560319462,30,5,0.05,0.8,0.1,0.1,50
"285",285,2.79283559796015,11.1265373475084,0.867477935758251,0.675073560319462,40,5,0.05,0.8,0.1,0.1,50
"286",286,2.53067274614875,11.1216862813618,0.867135528484584,0.681378730559058,20,10,0.05,0.8,0.1,0.1,50
"287",287,2.53067274614875,11.1216862813618,0.867135528484584,0.681378730559058,30,10,0.05,0.8,0.1,0.1,50
"288",288,2.53067274614875,11.1216862813618,0.867135528484584,0.681378730559058,40,10,0.05,0.8,0.1,0.1,50
