"","num_leaves","max_depth","learning_rate","feature_fraction","lambda_l1","lambda_l2","min_data_in_leaf","mean.rmse","mean.rank","list.rank","rmse.rank","ranks.rank","mean.final.rank"
"1",20,-1,0.05,0.6,0,0,20,10.2753635395837,48.5,"48.5, 48.5, 24.5, 24.5, 96.5",24.5,24.5,24.5
"2",20,-1,0.05,0.6,0,0,50,10.2753635395837,48.5,"48.5, 48.5, 24.5, 24.5, 96.5",24.5,24.5,24.5
"3",20,-1,0.05,0.6,0,0.1,20,10.2753635395837,48.5,"48.5, 48.5, 24.5, 24.5, 96.5",24.5,24.5,24.5
"4",20,-1,0.05,0.6,0,0.1,50,10.2753635395837,48.5,"48.5, 48.5, 24.5, 24.5, 96.5",24.5,24.5,24.5
"5",20,-1,0.05,0.6,0.1,0,20,10.2753635395837,48.5,"48.5, 48.5, 24.5, 24.5, 96.5",24.5,24.5,24.5
"6",20,-1,0.05,0.6,0.1,0,50,10.2753635395837,48.5,"48.5, 48.5, 24.5, 24.5, 96.5",24.5,24.5,24.5
"7",20,-1,0.05,0.6,0.1,0.1,20,10.2753635395837,48.5,"48.5, 48.5, 24.5, 24.5, 96.5",24.5,24.5,24.5
"8",20,-1,0.05,0.6,0.1,0.1,50,10.2753635395837,48.5,"48.5, 48.5, 24.5, 24.5, 96.5",24.5,24.5,24.5
"9",20,-1,0.05,0.8,0,0,20,10.2753635395837,48.5,"48.5, 48.5, 24.5, 24.5, 96.5",24.5,24.5,24.5
"10",20,-1,0.05,0.8,0,0,50,10.2753635395837,48.5,"48.5, 48.5, 24.5, 24.5, 96.5",24.5,24.5,24.5
"11",20,-1,0.05,0.8,0,0.1,20,10.2753635395837,48.5,"48.5, 48.5, 24.5, 24.5, 96.5",24.5,24.5,24.5
"12",20,-1,0.05,0.8,0,0.1,50,10.2753635395837,48.5,"48.5, 48.5, 24.5, 24.5, 96.5",24.5,24.5,24.5
"13",20,-1,0.05,0.8,0.1,0,20,10.2753635395837,48.5,"48.5, 48.5, 24.5, 24.5, 96.5",24.5,24.5,24.5
"14",20,-1,0.05,0.8,0.1,0,50,10.2753635395837,48.5,"48.5, 48.5, 24.5, 24.5, 96.5",24.5,24.5,24.5
"15",20,-1,0.05,0.8,0.1,0.1,20,10.2753635395837,48.5,"48.5, 48.5, 24.5, 24.5, 96.5",24.5,24.5,24.5
"16",20,-1,0.05,0.8,0.1,0.1,50,10.2753635395837,48.5,"48.5, 48.5, 24.5, 24.5, 96.5",24.5,24.5,24.5
"17",30,-1,0.05,0.6,0,0,20,10.2753635395837,48.5,"48.5, 48.5, 24.5, 24.5, 96.5",24.5,24.5,24.5
"18",30,-1,0.05,0.6,0,0,50,10.2753635395837,48.5,"48.5, 48.5, 24.5, 24.5, 96.5",24.5,24.5,24.5
"19",30,-1,0.05,0.6,0,0.1,20,10.2753635395837,48.5,"48.5, 48.5, 24.5, 24.5, 96.5",24.5,24.5,24.5
"20",30,-1,0.05,0.6,0,0.1,50,10.2753635395837,48.5,"48.5, 48.5, 24.5, 24.5, 96.5",24.5,24.5,24.5
"21",30,-1,0.05,0.6,0.1,0,20,10.2753635395837,48.5,"48.5, 48.5, 24.5, 24.5, 96.5",24.5,24.5,24.5
"22",30,-1,0.05,0.6,0.1,0,50,10.2753635395837,48.5,"48.5, 48.5, 24.5, 24.5, 96.5",24.5,24.5,24.5
"23",30,-1,0.05,0.6,0.1,0.1,20,10.2753635395837,48.5,"48.5, 48.5, 24.5, 24.5, 96.5",24.5,24.5,24.5
"24",30,-1,0.05,0.6,0.1,0.1,50,10.2753635395837,48.5,"48.5, 48.5, 24.5, 24.5, 96.5",24.5,24.5,24.5
"25",30,-1,0.05,0.8,0,0,20,10.2753635395837,48.5,"48.5, 48.5, 24.5, 24.5, 96.5",24.5,24.5,24.5
"26",30,-1,0.05,0.8,0,0,50,10.2753635395837,48.5,"48.5, 48.5, 24.5, 24.5, 96.5",24.5,24.5,24.5
"27",30,-1,0.05,0.8,0,0.1,20,10.2753635395837,48.5,"48.5, 48.5, 24.5, 24.5, 96.5",24.5,24.5,24.5
"28",30,-1,0.05,0.8,0,0.1,50,10.2753635395837,48.5,"48.5, 48.5, 24.5, 24.5, 96.5",24.5,24.5,24.5
"29",30,-1,0.05,0.8,0.1,0,20,10.2753635395837,48.5,"48.5, 48.5, 24.5, 24.5, 96.5",24.5,24.5,24.5
"30",30,-1,0.05,0.8,0.1,0,50,10.2753635395837,48.5,"48.5, 48.5, 24.5, 24.5, 96.5",24.5,24.5,24.5
"31",30,-1,0.05,0.8,0.1,0.1,20,10.2753635395837,48.5,"48.5, 48.5, 24.5, 24.5, 96.5",24.5,24.5,24.5
"32",30,-1,0.05,0.8,0.1,0.1,50,10.2753635395837,48.5,"48.5, 48.5, 24.5, 24.5, 96.5",24.5,24.5,24.5
"33",40,-1,0.05,0.6,0,0,20,10.2753635395837,48.5,"48.5, 48.5, 24.5, 24.5, 96.5",24.5,24.5,24.5
"34",40,-1,0.05,0.6,0,0,50,10.2753635395837,48.5,"48.5, 48.5, 24.5, 24.5, 96.5",24.5,24.5,24.5
"35",40,-1,0.05,0.6,0,0.1,20,10.2753635395837,48.5,"48.5, 48.5, 24.5, 24.5, 96.5",24.5,24.5,24.5
"36",40,-1,0.05,0.6,0,0.1,50,10.2753635395837,48.5,"48.5, 48.5, 24.5, 24.5, 96.5",24.5,24.5,24.5
"37",40,-1,0.05,0.6,0.1,0,20,10.2753635395837,48.5,"48.5, 48.5, 24.5, 24.5, 96.5",24.5,24.5,24.5
"38",40,-1,0.05,0.6,0.1,0,50,10.2753635395837,48.5,"48.5, 48.5, 24.5, 24.5, 96.5",24.5,24.5,24.5
"39",40,-1,0.05,0.6,0.1,0.1,20,10.2753635395837,48.5,"48.5, 48.5, 24.5, 24.5, 96.5",24.5,24.5,24.5
"40",40,-1,0.05,0.6,0.1,0.1,50,10.2753635395837,48.5,"48.5, 48.5, 24.5, 24.5, 96.5",24.5,24.5,24.5
"41",40,-1,0.05,0.8,0,0,20,10.2753635395837,48.5,"48.5, 48.5, 24.5, 24.5, 96.5",24.5,24.5,24.5
"42",40,-1,0.05,0.8,0,0,50,10.2753635395837,48.5,"48.5, 48.5, 24.5, 24.5, 96.5",24.5,24.5,24.5
"43",40,-1,0.05,0.8,0,0.1,20,10.2753635395837,48.5,"48.5, 48.5, 24.5, 24.5, 96.5",24.5,24.5,24.5
"44",40,-1,0.05,0.8,0,0.1,50,10.2753635395837,48.5,"48.5, 48.5, 24.5, 24.5, 96.5",24.5,24.5,24.5
"45",40,-1,0.05,0.8,0.1,0,20,10.2753635395837,48.5,"48.5, 48.5, 24.5, 24.5, 96.5",24.5,24.5,24.5
"46",40,-1,0.05,0.8,0.1,0,50,10.2753635395837,48.5,"48.5, 48.5, 24.5, 24.5, 96.5",24.5,24.5,24.5
"47",40,-1,0.05,0.8,0.1,0.1,20,10.2753635395837,48.5,"48.5, 48.5, 24.5, 24.5, 96.5",24.5,24.5,24.5
"48",40,-1,0.05,0.8,0.1,0.1,50,10.2753635395837,48.5,"48.5, 48.5, 24.5, 24.5, 96.5",24.5,24.5,24.5
"49",20,10,0.05,0.6,0,0,20,10.2756805281344,67.7,"48.5, 48.5, 72.5, 72.5, 96.5",72.5,72.5,72.5
"50",20,10,0.05,0.6,0,0,50,10.2756805281344,67.7,"48.5, 48.5, 72.5, 72.5, 96.5",72.5,72.5,72.5
"51",20,10,0.05,0.6,0,0.1,20,10.2756805281344,67.7,"48.5, 48.5, 72.5, 72.5, 96.5",72.5,72.5,72.5
"52",20,10,0.05,0.6,0,0.1,50,10.2756805281344,67.7,"48.5, 48.5, 72.5, 72.5, 96.5",72.5,72.5,72.5
"53",20,10,0.05,0.6,0.1,0,20,10.2756805281344,67.7,"48.5, 48.5, 72.5, 72.5, 96.5",72.5,72.5,72.5
"54",20,10,0.05,0.6,0.1,0,50,10.2756805281344,67.7,"48.5, 48.5, 72.5, 72.5, 96.5",72.5,72.5,72.5
"55",20,10,0.05,0.6,0.1,0.1,20,10.2756805281344,67.7,"48.5, 48.5, 72.5, 72.5, 96.5",72.5,72.5,72.5
"56",20,10,0.05,0.6,0.1,0.1,50,10.2756805281344,67.7,"48.5, 48.5, 72.5, 72.5, 96.5",72.5,72.5,72.5
"57",20,10,0.05,0.8,0,0,20,10.2756805281344,67.7,"48.5, 48.5, 72.5, 72.5, 96.5",72.5,72.5,72.5
"58",20,10,0.05,0.8,0,0,50,10.2756805281344,67.7,"48.5, 48.5, 72.5, 72.5, 96.5",72.5,72.5,72.5
"59",20,10,0.05,0.8,0,0.1,20,10.2756805281344,67.7,"48.5, 48.5, 72.5, 72.5, 96.5",72.5,72.5,72.5
"60",20,10,0.05,0.8,0,0.1,50,10.2756805281344,67.7,"48.5, 48.5, 72.5, 72.5, 96.5",72.5,72.5,72.5
"61",20,10,0.05,0.8,0.1,0,20,10.2756805281344,67.7,"48.5, 48.5, 72.5, 72.5, 96.5",72.5,72.5,72.5
"62",20,10,0.05,0.8,0.1,0,50,10.2756805281344,67.7,"48.5, 48.5, 72.5, 72.5, 96.5",72.5,72.5,72.5
"63",20,10,0.05,0.8,0.1,0.1,20,10.2756805281344,67.7,"48.5, 48.5, 72.5, 72.5, 96.5",72.5,72.5,72.5
"64",20,10,0.05,0.8,0.1,0.1,50,10.2756805281344,67.7,"48.5, 48.5, 72.5, 72.5, 96.5",72.5,72.5,72.5
"65",30,10,0.05,0.6,0,0,20,10.2756805281344,67.7,"48.5, 48.5, 72.5, 72.5, 96.5",72.5,72.5,72.5
"66",30,10,0.05,0.6,0,0,50,10.2756805281344,67.7,"48.5, 48.5, 72.5, 72.5, 96.5",72.5,72.5,72.5
"67",30,10,0.05,0.6,0,0.1,20,10.2756805281344,67.7,"48.5, 48.5, 72.5, 72.5, 96.5",72.5,72.5,72.5
"68",30,10,0.05,0.6,0,0.1,50,10.2756805281344,67.7,"48.5, 48.5, 72.5, 72.5, 96.5",72.5,72.5,72.5
"69",30,10,0.05,0.6,0.1,0,20,10.2756805281344,67.7,"48.5, 48.5, 72.5, 72.5, 96.5",72.5,72.5,72.5
"70",30,10,0.05,0.6,0.1,0,50,10.2756805281344,67.7,"48.5, 48.5, 72.5, 72.5, 96.5",72.5,72.5,72.5
"71",30,10,0.05,0.6,0.1,0.1,20,10.2756805281344,67.7,"48.5, 48.5, 72.5, 72.5, 96.5",72.5,72.5,72.5
"72",30,10,0.05,0.6,0.1,0.1,50,10.2756805281344,67.7,"48.5, 48.5, 72.5, 72.5, 96.5",72.5,72.5,72.5
"73",30,10,0.05,0.8,0,0,20,10.2756805281344,67.7,"48.5, 48.5, 72.5, 72.5, 96.5",72.5,72.5,72.5
"74",30,10,0.05,0.8,0,0,50,10.2756805281344,67.7,"48.5, 48.5, 72.5, 72.5, 96.5",72.5,72.5,72.5
"75",30,10,0.05,0.8,0,0.1,20,10.2756805281344,67.7,"48.5, 48.5, 72.5, 72.5, 96.5",72.5,72.5,72.5
"76",30,10,0.05,0.8,0,0.1,50,10.2756805281344,67.7,"48.5, 48.5, 72.5, 72.5, 96.5",72.5,72.5,72.5
"77",30,10,0.05,0.8,0.1,0,20,10.2756805281344,67.7,"48.5, 48.5, 72.5, 72.5, 96.5",72.5,72.5,72.5
"78",30,10,0.05,0.8,0.1,0,50,10.2756805281344,67.7,"48.5, 48.5, 72.5, 72.5, 96.5",72.5,72.5,72.5
"79",30,10,0.05,0.8,0.1,0.1,20,10.2756805281344,67.7,"48.5, 48.5, 72.5, 72.5, 96.5",72.5,72.5,72.5
"80",30,10,0.05,0.8,0.1,0.1,50,10.2756805281344,67.7,"48.5, 48.5, 72.5, 72.5, 96.5",72.5,72.5,72.5
"81",40,10,0.05,0.6,0,0,20,10.2756805281344,67.7,"48.5, 48.5, 72.5, 72.5, 96.5",72.5,72.5,72.5
"82",40,10,0.05,0.6,0,0,50,10.2756805281344,67.7,"48.5, 48.5, 72.5, 72.5, 96.5",72.5,72.5,72.5
"83",40,10,0.05,0.6,0,0.1,20,10.2756805281344,67.7,"48.5, 48.5, 72.5, 72.5, 96.5",72.5,72.5,72.5
"84",40,10,0.05,0.6,0,0.1,50,10.2756805281344,67.7,"48.5, 48.5, 72.5, 72.5, 96.5",72.5,72.5,72.5
"85",40,10,0.05,0.6,0.1,0,20,10.2756805281344,67.7,"48.5, 48.5, 72.5, 72.5, 96.5",72.5,72.5,72.5
"86",40,10,0.05,0.6,0.1,0,50,10.2756805281344,67.7,"48.5, 48.5, 72.5, 72.5, 96.5",72.5,72.5,72.5
"87",40,10,0.05,0.6,0.1,0.1,20,10.2756805281344,67.7,"48.5, 48.5, 72.5, 72.5, 96.5",72.5,72.5,72.5
"88",40,10,0.05,0.6,0.1,0.1,50,10.2756805281344,67.7,"48.5, 48.5, 72.5, 72.5, 96.5",72.5,72.5,72.5
"89",40,10,0.05,0.8,0,0,20,10.2756805281344,67.7,"48.5, 48.5, 72.5, 72.5, 96.5",72.5,72.5,72.5
"90",40,10,0.05,0.8,0,0,50,10.2756805281344,67.7,"48.5, 48.5, 72.5, 72.5, 96.5",72.5,72.5,72.5
"91",40,10,0.05,0.8,0,0.1,20,10.2756805281344,67.7,"48.5, 48.5, 72.5, 72.5, 96.5",72.5,72.5,72.5
"92",40,10,0.05,0.8,0,0.1,50,10.2756805281344,67.7,"48.5, 48.5, 72.5, 72.5, 96.5",72.5,72.5,72.5
"93",40,10,0.05,0.8,0.1,0,20,10.2756805281344,67.7,"48.5, 48.5, 72.5, 72.5, 96.5",72.5,72.5,72.5
"94",40,10,0.05,0.8,0.1,0,50,10.2756805281344,67.7,"48.5, 48.5, 72.5, 72.5, 96.5",72.5,72.5,72.5
"95",40,10,0.05,0.8,0.1,0.1,20,10.2756805281344,67.7,"48.5, 48.5, 72.5, 72.5, 96.5",72.5,72.5,72.5
"96",40,10,0.05,0.8,0.1,0.1,50,10.2756805281344,67.7,"48.5, 48.5, 72.5, 72.5, 96.5",72.5,72.5,72.5
"97",20,5,0.05,0.6,0,0,20,10.3288193740324,101.3,"120.5, 120.5, 120.5, 120.5, 24.5",120.5,120.5,120.5
"98",20,5,0.05,0.6,0,0,50,10.3288193740324,101.3,"120.5, 120.5, 120.5, 120.5, 24.5",120.5,120.5,120.5
"99",20,5,0.05,0.6,0,0.1,20,10.3288193740324,101.3,"120.5, 120.5, 120.5, 120.5, 24.5",120.5,120.5,120.5
"100",20,5,0.05,0.6,0,0.1,50,10.3288193740324,101.3,"120.5, 120.5, 120.5, 120.5, 24.5",120.5,120.5,120.5
"101",20,5,0.05,0.6,0.1,0,20,10.3288193740324,101.3,"120.5, 120.5, 120.5, 120.5, 24.5",120.5,120.5,120.5
"102",20,5,0.05,0.6,0.1,0,50,10.3288193740324,101.3,"120.5, 120.5, 120.5, 120.5, 24.5",120.5,120.5,120.5
"103",20,5,0.05,0.6,0.1,0.1,20,10.3288193740324,101.3,"120.5, 120.5, 120.5, 120.5, 24.5",120.5,120.5,120.5
"104",20,5,0.05,0.6,0.1,0.1,50,10.3288193740324,101.3,"120.5, 120.5, 120.5, 120.5, 24.5",120.5,120.5,120.5
"105",20,5,0.05,0.8,0,0,20,10.3288193740324,101.3,"120.5, 120.5, 120.5, 120.5, 24.5",120.5,120.5,120.5
"106",20,5,0.05,0.8,0,0,50,10.3288193740324,101.3,"120.5, 120.5, 120.5, 120.5, 24.5",120.5,120.5,120.5
"107",20,5,0.05,0.8,0,0.1,20,10.3288193740324,101.3,"120.5, 120.5, 120.5, 120.5, 24.5",120.5,120.5,120.5
"108",20,5,0.05,0.8,0,0.1,50,10.3288193740324,101.3,"120.5, 120.5, 120.5, 120.5, 24.5",120.5,120.5,120.5
"109",20,5,0.05,0.8,0.1,0,20,10.3288193740324,101.3,"120.5, 120.5, 120.5, 120.5, 24.5",120.5,120.5,120.5
"110",20,5,0.05,0.8,0.1,0,50,10.3288193740324,101.3,"120.5, 120.5, 120.5, 120.5, 24.5",120.5,120.5,120.5
"111",20,5,0.05,0.8,0.1,0.1,20,10.3288193740324,101.3,"120.5, 120.5, 120.5, 120.5, 24.5",120.5,120.5,120.5
"112",20,5,0.05,0.8,0.1,0.1,50,10.3288193740324,101.3,"120.5, 120.5, 120.5, 120.5, 24.5",120.5,120.5,120.5
"113",30,5,0.05,0.6,0,0,20,10.3288193740324,101.3,"120.5, 120.5, 120.5, 120.5, 24.5",120.5,120.5,120.5
"114",30,5,0.05,0.6,0,0,50,10.3288193740324,101.3,"120.5, 120.5, 120.5, 120.5, 24.5",120.5,120.5,120.5
"115",30,5,0.05,0.6,0,0.1,20,10.3288193740324,101.3,"120.5, 120.5, 120.5, 120.5, 24.5",120.5,120.5,120.5
"116",30,5,0.05,0.6,0,0.1,50,10.3288193740324,101.3,"120.5, 120.5, 120.5, 120.5, 24.5",120.5,120.5,120.5
"117",30,5,0.05,0.6,0.1,0,20,10.3288193740324,101.3,"120.5, 120.5, 120.5, 120.5, 24.5",120.5,120.5,120.5
"118",30,5,0.05,0.6,0.1,0,50,10.3288193740324,101.3,"120.5, 120.5, 120.5, 120.5, 24.5",120.5,120.5,120.5
"119",30,5,0.05,0.6,0.1,0.1,20,10.3288193740324,101.3,"120.5, 120.5, 120.5, 120.5, 24.5",120.5,120.5,120.5
"120",30,5,0.05,0.6,0.1,0.1,50,10.3288193740324,101.3,"120.5, 120.5, 120.5, 120.5, 24.5",120.5,120.5,120.5
"121",30,5,0.05,0.8,0,0,20,10.3288193740324,101.3,"120.5, 120.5, 120.5, 120.5, 24.5",120.5,120.5,120.5
"122",30,5,0.05,0.8,0,0,50,10.3288193740324,101.3,"120.5, 120.5, 120.5, 120.5, 24.5",120.5,120.5,120.5
"123",30,5,0.05,0.8,0,0.1,20,10.3288193740324,101.3,"120.5, 120.5, 120.5, 120.5, 24.5",120.5,120.5,120.5
"124",30,5,0.05,0.8,0,0.1,50,10.3288193740324,101.3,"120.5, 120.5, 120.5, 120.5, 24.5",120.5,120.5,120.5
"125",30,5,0.05,0.8,0.1,0,20,10.3288193740324,101.3,"120.5, 120.5, 120.5, 120.5, 24.5",120.5,120.5,120.5
"126",30,5,0.05,0.8,0.1,0,50,10.3288193740324,101.3,"120.5, 120.5, 120.5, 120.5, 24.5",120.5,120.5,120.5
"127",30,5,0.05,0.8,0.1,0.1,20,10.3288193740324,101.3,"120.5, 120.5, 120.5, 120.5, 24.5",120.5,120.5,120.5
"128",30,5,0.05,0.8,0.1,0.1,50,10.3288193740324,101.3,"120.5, 120.5, 120.5, 120.5, 24.5",120.5,120.5,120.5
"129",40,5,0.05,0.6,0,0,20,10.3288193740324,101.3,"120.5, 120.5, 120.5, 120.5, 24.5",120.5,120.5,120.5
"130",40,5,0.05,0.6,0,0,50,10.3288193740324,101.3,"120.5, 120.5, 120.5, 120.5, 24.5",120.5,120.5,120.5
"131",40,5,0.05,0.6,0,0.1,20,10.3288193740324,101.3,"120.5, 120.5, 120.5, 120.5, 24.5",120.5,120.5,120.5
"132",40,5,0.05,0.6,0,0.1,50,10.3288193740324,101.3,"120.5, 120.5, 120.5, 120.5, 24.5",120.5,120.5,120.5
"133",40,5,0.05,0.6,0.1,0,20,10.3288193740324,101.3,"120.5, 120.5, 120.5, 120.5, 24.5",120.5,120.5,120.5
"134",40,5,0.05,0.6,0.1,0,50,10.3288193740324,101.3,"120.5, 120.5, 120.5, 120.5, 24.5",120.5,120.5,120.5
"135",40,5,0.05,0.6,0.1,0.1,20,10.3288193740324,101.3,"120.5, 120.5, 120.5, 120.5, 24.5",120.5,120.5,120.5
"136",40,5,0.05,0.6,0.1,0.1,50,10.3288193740324,101.3,"120.5, 120.5, 120.5, 120.5, 24.5",120.5,120.5,120.5
"137",40,5,0.05,0.8,0,0,20,10.3288193740324,101.3,"120.5, 120.5, 120.5, 120.5, 24.5",120.5,120.5,120.5
"138",40,5,0.05,0.8,0,0,50,10.3288193740324,101.3,"120.5, 120.5, 120.5, 120.5, 24.5",120.5,120.5,120.5
"139",40,5,0.05,0.8,0,0.1,20,10.3288193740324,101.3,"120.5, 120.5, 120.5, 120.5, 24.5",120.5,120.5,120.5
"140",40,5,0.05,0.8,0,0.1,50,10.3288193740324,101.3,"120.5, 120.5, 120.5, 120.5, 24.5",120.5,120.5,120.5
"141",40,5,0.05,0.8,0.1,0,20,10.3288193740324,101.3,"120.5, 120.5, 120.5, 120.5, 24.5",120.5,120.5,120.5
"142",40,5,0.05,0.8,0.1,0,50,10.3288193740324,101.3,"120.5, 120.5, 120.5, 120.5, 24.5",120.5,120.5,120.5
"143",40,5,0.05,0.8,0.1,0.1,20,10.3288193740324,101.3,"120.5, 120.5, 120.5, 120.5, 24.5",120.5,120.5,120.5
"144",40,5,0.05,0.8,0.1,0.1,50,10.3288193740324,101.3,"120.5, 120.5, 120.5, 120.5, 24.5",120.5,120.5,120.5
"145",20,-1,0.01,0.6,0,0,20,13.9205923029147,211.7,"192.5, 240.5, 192.5, 192.5, 240.5",192.5,192.5,192.5
"146",20,-1,0.01,0.6,0,0,50,13.9205923029147,211.7,"192.5, 240.5, 192.5, 192.5, 240.5",192.5,192.5,192.5
"147",20,-1,0.01,0.6,0,0.1,20,13.9205923029147,211.7,"192.5, 240.5, 192.5, 192.5, 240.5",192.5,192.5,192.5
"148",20,-1,0.01,0.6,0,0.1,50,13.9205923029147,211.7,"192.5, 240.5, 192.5, 192.5, 240.5",192.5,192.5,192.5
"149",20,-1,0.01,0.6,0.1,0,20,13.9205923029147,211.7,"192.5, 240.5, 192.5, 192.5, 240.5",192.5,192.5,192.5
"150",20,-1,0.01,0.6,0.1,0,50,13.9205923029147,211.7,"192.5, 240.5, 192.5, 192.5, 240.5",192.5,192.5,192.5
"151",20,-1,0.01,0.6,0.1,0.1,20,13.9205923029147,211.7,"192.5, 240.5, 192.5, 192.5, 240.5",192.5,192.5,192.5
"152",20,-1,0.01,0.6,0.1,0.1,50,13.9205923029147,211.7,"192.5, 240.5, 192.5, 192.5, 240.5",192.5,192.5,192.5
"153",20,-1,0.01,0.8,0,0,20,13.9205923029147,211.7,"192.5, 240.5, 192.5, 192.5, 240.5",192.5,192.5,192.5
"154",20,-1,0.01,0.8,0,0,50,13.9205923029147,211.7,"192.5, 240.5, 192.5, 192.5, 240.5",192.5,192.5,192.5
"155",20,-1,0.01,0.8,0,0.1,20,13.9205923029147,211.7,"192.5, 240.5, 192.5, 192.5, 240.5",192.5,192.5,192.5
"156",20,-1,0.01,0.8,0,0.1,50,13.9205923029147,211.7,"192.5, 240.5, 192.5, 192.5, 240.5",192.5,192.5,192.5
"157",20,-1,0.01,0.8,0.1,0,20,13.9205923029147,211.7,"192.5, 240.5, 192.5, 192.5, 240.5",192.5,192.5,192.5
"158",20,-1,0.01,0.8,0.1,0,50,13.9205923029147,211.7,"192.5, 240.5, 192.5, 192.5, 240.5",192.5,192.5,192.5
"159",20,-1,0.01,0.8,0.1,0.1,20,13.9205923029147,211.7,"192.5, 240.5, 192.5, 192.5, 240.5",192.5,192.5,192.5
"160",20,-1,0.01,0.8,0.1,0.1,50,13.9205923029147,211.7,"192.5, 240.5, 192.5, 192.5, 240.5",192.5,192.5,192.5
"161",20,10,0.01,0.6,0,0,20,13.9205923029147,211.7,"192.5, 240.5, 192.5, 192.5, 240.5",192.5,192.5,192.5
"162",20,10,0.01,0.6,0,0,50,13.9205923029147,211.7,"192.5, 240.5, 192.5, 192.5, 240.5",192.5,192.5,192.5
"163",20,10,0.01,0.6,0,0.1,20,13.9205923029147,211.7,"192.5, 240.5, 192.5, 192.5, 240.5",192.5,192.5,192.5
"164",20,10,0.01,0.6,0,0.1,50,13.9205923029147,211.7,"192.5, 240.5, 192.5, 192.5, 240.5",192.5,192.5,192.5
"165",20,10,0.01,0.6,0.1,0,20,13.9205923029147,211.7,"192.5, 240.5, 192.5, 192.5, 240.5",192.5,192.5,192.5
"166",20,10,0.01,0.6,0.1,0,50,13.9205923029147,211.7,"192.5, 240.5, 192.5, 192.5, 240.5",192.5,192.5,192.5
"167",20,10,0.01,0.6,0.1,0.1,20,13.9205923029147,211.7,"192.5, 240.5, 192.5, 192.5, 240.5",192.5,192.5,192.5
"168",20,10,0.01,0.6,0.1,0.1,50,13.9205923029147,211.7,"192.5, 240.5, 192.5, 192.5, 240.5",192.5,192.5,192.5
"169",20,10,0.01,0.8,0,0,20,13.9205923029147,211.7,"192.5, 240.5, 192.5, 192.5, 240.5",192.5,192.5,192.5
"170",20,10,0.01,0.8,0,0,50,13.9205923029147,211.7,"192.5, 240.5, 192.5, 192.5, 240.5",192.5,192.5,192.5
"171",20,10,0.01,0.8,0,0.1,20,13.9205923029147,211.7,"192.5, 240.5, 192.5, 192.5, 240.5",192.5,192.5,192.5
"172",20,10,0.01,0.8,0,0.1,50,13.9205923029147,211.7,"192.5, 240.5, 192.5, 192.5, 240.5",192.5,192.5,192.5
"173",20,10,0.01,0.8,0.1,0,20,13.9205923029147,211.7,"192.5, 240.5, 192.5, 192.5, 240.5",192.5,192.5,192.5
"174",20,10,0.01,0.8,0.1,0,50,13.9205923029147,211.7,"192.5, 240.5, 192.5, 192.5, 240.5",192.5,192.5,192.5
"175",20,10,0.01,0.8,0.1,0.1,20,13.9205923029147,211.7,"192.5, 240.5, 192.5, 192.5, 240.5",192.5,192.5,192.5
"176",20,10,0.01,0.8,0.1,0.1,50,13.9205923029147,211.7,"192.5, 240.5, 192.5, 192.5, 240.5",192.5,192.5,192.5
"177",30,-1,0.01,0.6,0,0,20,13.9205923029147,211.7,"192.5, 240.5, 192.5, 192.5, 240.5",192.5,192.5,192.5
"178",30,-1,0.01,0.6,0,0,50,13.9205923029147,211.7,"192.5, 240.5, 192.5, 192.5, 240.5",192.5,192.5,192.5
"179",30,-1,0.01,0.6,0,0.1,20,13.9205923029147,211.7,"192.5, 240.5, 192.5, 192.5, 240.5",192.5,192.5,192.5
"180",30,-1,0.01,0.6,0,0.1,50,13.9205923029147,211.7,"192.5, 240.5, 192.5, 192.5, 240.5",192.5,192.5,192.5
"181",30,-1,0.01,0.6,0.1,0,20,13.9205923029147,211.7,"192.5, 240.5, 192.5, 192.5, 240.5",192.5,192.5,192.5
"182",30,-1,0.01,0.6,0.1,0,50,13.9205923029147,211.7,"192.5, 240.5, 192.5, 192.5, 240.5",192.5,192.5,192.5
"183",30,-1,0.01,0.6,0.1,0.1,20,13.9205923029147,211.7,"192.5, 240.5, 192.5, 192.5, 240.5",192.5,192.5,192.5
"184",30,-1,0.01,0.6,0.1,0.1,50,13.9205923029147,211.7,"192.5, 240.5, 192.5, 192.5, 240.5",192.5,192.5,192.5
"185",30,-1,0.01,0.8,0,0,20,13.9205923029147,211.7,"192.5, 240.5, 192.5, 192.5, 240.5",192.5,192.5,192.5
"186",30,-1,0.01,0.8,0,0,50,13.9205923029147,211.7,"192.5, 240.5, 192.5, 192.5, 240.5",192.5,192.5,192.5
"187",30,-1,0.01,0.8,0,0.1,20,13.9205923029147,211.7,"192.5, 240.5, 192.5, 192.5, 240.5",192.5,192.5,192.5
"188",30,-1,0.01,0.8,0,0.1,50,13.9205923029147,211.7,"192.5, 240.5, 192.5, 192.5, 240.5",192.5,192.5,192.5
"189",30,-1,0.01,0.8,0.1,0,20,13.9205923029147,211.7,"192.5, 240.5, 192.5, 192.5, 240.5",192.5,192.5,192.5
"190",30,-1,0.01,0.8,0.1,0,50,13.9205923029147,211.7,"192.5, 240.5, 192.5, 192.5, 240.5",192.5,192.5,192.5
"191",30,-1,0.01,0.8,0.1,0.1,20,13.9205923029147,211.7,"192.5, 240.5, 192.5, 192.5, 240.5",192.5,192.5,192.5
"192",30,-1,0.01,0.8,0.1,0.1,50,13.9205923029147,211.7,"192.5, 240.5, 192.5, 192.5, 240.5",192.5,192.5,192.5
"193",30,10,0.01,0.6,0,0,20,13.9205923029147,211.7,"192.5, 240.5, 192.5, 192.5, 240.5",192.5,192.5,192.5
"194",30,10,0.01,0.6,0,0,50,13.9205923029147,211.7,"192.5, 240.5, 192.5, 192.5, 240.5",192.5,192.5,192.5
"195",30,10,0.01,0.6,0,0.1,20,13.9205923029147,211.7,"192.5, 240.5, 192.5, 192.5, 240.5",192.5,192.5,192.5
"196",30,10,0.01,0.6,0,0.1,50,13.9205923029147,211.7,"192.5, 240.5, 192.5, 192.5, 240.5",192.5,192.5,192.5
"197",30,10,0.01,0.6,0.1,0,20,13.9205923029147,211.7,"192.5, 240.5, 192.5, 192.5, 240.5",192.5,192.5,192.5
"198",30,10,0.01,0.6,0.1,0,50,13.9205923029147,211.7,"192.5, 240.5, 192.5, 192.5, 240.5",192.5,192.5,192.5
"199",30,10,0.01,0.6,0.1,0.1,20,13.9205923029147,211.7,"192.5, 240.5, 192.5, 192.5, 240.5",192.5,192.5,192.5
"200",30,10,0.01,0.6,0.1,0.1,50,13.9205923029147,211.7,"192.5, 240.5, 192.5, 192.5, 240.5",192.5,192.5,192.5
"201",30,10,0.01,0.8,0,0,20,13.9205923029147,211.7,"192.5, 240.5, 192.5, 192.5, 240.5",192.5,192.5,192.5
"202",30,10,0.01,0.8,0,0,50,13.9205923029147,211.7,"192.5, 240.5, 192.5, 192.5, 240.5",192.5,192.5,192.5
"203",30,10,0.01,0.8,0,0.1,20,13.9205923029147,211.7,"192.5, 240.5, 192.5, 192.5, 240.5",192.5,192.5,192.5
"204",30,10,0.01,0.8,0,0.1,50,13.9205923029147,211.7,"192.5, 240.5, 192.5, 192.5, 240.5",192.5,192.5,192.5
"205",30,10,0.01,0.8,0.1,0,20,13.9205923029147,211.7,"192.5, 240.5, 192.5, 192.5, 240.5",192.5,192.5,192.5
"206",30,10,0.01,0.8,0.1,0,50,13.9205923029147,211.7,"192.5, 240.5, 192.5, 192.5, 240.5",192.5,192.5,192.5
"207",30,10,0.01,0.8,0.1,0.1,20,13.9205923029147,211.7,"192.5, 240.5, 192.5, 192.5, 240.5",192.5,192.5,192.5
"208",30,10,0.01,0.8,0.1,0.1,50,13.9205923029147,211.7,"192.5, 240.5, 192.5, 192.5, 240.5",192.5,192.5,192.5
"209",40,-1,0.01,0.6,0,0,20,13.9205923029147,211.7,"192.5, 240.5, 192.5, 192.5, 240.5",192.5,192.5,192.5
"210",40,-1,0.01,0.6,0,0,50,13.9205923029147,211.7,"192.5, 240.5, 192.5, 192.5, 240.5",192.5,192.5,192.5
"211",40,-1,0.01,0.6,0,0.1,20,13.9205923029147,211.7,"192.5, 240.5, 192.5, 192.5, 240.5",192.5,192.5,192.5
"212",40,-1,0.01,0.6,0,0.1,50,13.9205923029147,211.7,"192.5, 240.5, 192.5, 192.5, 240.5",192.5,192.5,192.5
"213",40,-1,0.01,0.6,0.1,0,20,13.9205923029147,211.7,"192.5, 240.5, 192.5, 192.5, 240.5",192.5,192.5,192.5
"214",40,-1,0.01,0.6,0.1,0,50,13.9205923029147,211.7,"192.5, 240.5, 192.5, 192.5, 240.5",192.5,192.5,192.5
"215",40,-1,0.01,0.6,0.1,0.1,20,13.9205923029147,211.7,"192.5, 240.5, 192.5, 192.5, 240.5",192.5,192.5,192.5
"216",40,-1,0.01,0.6,0.1,0.1,50,13.9205923029147,211.7,"192.5, 240.5, 192.5, 192.5, 240.5",192.5,192.5,192.5
"217",40,-1,0.01,0.8,0,0,20,13.9205923029147,211.7,"192.5, 240.5, 192.5, 192.5, 240.5",192.5,192.5,192.5
"218",40,-1,0.01,0.8,0,0,50,13.9205923029147,211.7,"192.5, 240.5, 192.5, 192.5, 240.5",192.5,192.5,192.5
"219",40,-1,0.01,0.8,0,0.1,20,13.9205923029147,211.7,"192.5, 240.5, 192.5, 192.5, 240.5",192.5,192.5,192.5
"220",40,-1,0.01,0.8,0,0.1,50,13.9205923029147,211.7,"192.5, 240.5, 192.5, 192.5, 240.5",192.5,192.5,192.5
"221",40,-1,0.01,0.8,0.1,0,20,13.9205923029147,211.7,"192.5, 240.5, 192.5, 192.5, 240.5",192.5,192.5,192.5
"222",40,-1,0.01,0.8,0.1,0,50,13.9205923029147,211.7,"192.5, 240.5, 192.5, 192.5, 240.5",192.5,192.5,192.5
"223",40,-1,0.01,0.8,0.1,0.1,20,13.9205923029147,211.7,"192.5, 240.5, 192.5, 192.5, 240.5",192.5,192.5,192.5
"224",40,-1,0.01,0.8,0.1,0.1,50,13.9205923029147,211.7,"192.5, 240.5, 192.5, 192.5, 240.5",192.5,192.5,192.5
"225",40,10,0.01,0.6,0,0,20,13.9205923029147,211.7,"192.5, 240.5, 192.5, 192.5, 240.5",192.5,192.5,192.5
"226",40,10,0.01,0.6,0,0,50,13.9205923029147,211.7,"192.5, 240.5, 192.5, 192.5, 240.5",192.5,192.5,192.5
"227",40,10,0.01,0.6,0,0.1,20,13.9205923029147,211.7,"192.5, 240.5, 192.5, 192.5, 240.5",192.5,192.5,192.5
"228",40,10,0.01,0.6,0,0.1,50,13.9205923029147,211.7,"192.5, 240.5, 192.5, 192.5, 240.5",192.5,192.5,192.5
"229",40,10,0.01,0.6,0.1,0,20,13.9205923029147,211.7,"192.5, 240.5, 192.5, 192.5, 240.5",192.5,192.5,192.5
"230",40,10,0.01,0.6,0.1,0,50,13.9205923029147,211.7,"192.5, 240.5, 192.5, 192.5, 240.5",192.5,192.5,192.5
"231",40,10,0.01,0.6,0.1,0.1,20,13.9205923029147,211.7,"192.5, 240.5, 192.5, 192.5, 240.5",192.5,192.5,192.5
"232",40,10,0.01,0.6,0.1,0.1,50,13.9205923029147,211.7,"192.5, 240.5, 192.5, 192.5, 240.5",192.5,192.5,192.5
"233",40,10,0.01,0.8,0,0,20,13.9205923029147,211.7,"192.5, 240.5, 192.5, 192.5, 240.5",192.5,192.5,192.5
"234",40,10,0.01,0.8,0,0,50,13.9205923029147,211.7,"192.5, 240.5, 192.5, 192.5, 240.5",192.5,192.5,192.5
"235",40,10,0.01,0.8,0,0.1,20,13.9205923029147,211.7,"192.5, 240.5, 192.5, 192.5, 240.5",192.5,192.5,192.5
"236",40,10,0.01,0.8,0,0.1,50,13.9205923029147,211.7,"192.5, 240.5, 192.5, 192.5, 240.5",192.5,192.5,192.5
"237",40,10,0.01,0.8,0.1,0,20,13.9205923029147,211.7,"192.5, 240.5, 192.5, 192.5, 240.5",192.5,192.5,192.5
"238",40,10,0.01,0.8,0.1,0,50,13.9205923029147,211.7,"192.5, 240.5, 192.5, 192.5, 240.5",192.5,192.5,192.5
"239",40,10,0.01,0.8,0.1,0.1,20,13.9205923029147,211.7,"192.5, 240.5, 192.5, 192.5, 240.5",192.5,192.5,192.5
"240",40,10,0.01,0.8,0.1,0.1,50,13.9205923029147,211.7,"192.5, 240.5, 192.5, 192.5, 240.5",192.5,192.5,192.5
"241",20,5,0.01,0.6,0,0,20,13.936164971273,226.1,"264.5, 168.5, 264.5, 264.5, 168.5",264.5,264.5,264.5
"242",20,5,0.01,0.6,0,0,50,13.936164971273,226.1,"264.5, 168.5, 264.5, 264.5, 168.5",264.5,264.5,264.5
"243",20,5,0.01,0.6,0,0.1,20,13.936164971273,226.1,"264.5, 168.5, 264.5, 264.5, 168.5",264.5,264.5,264.5
"244",20,5,0.01,0.6,0,0.1,50,13.936164971273,226.1,"264.5, 168.5, 264.5, 264.5, 168.5",264.5,264.5,264.5
"245",20,5,0.01,0.6,0.1,0,20,13.936164971273,226.1,"264.5, 168.5, 264.5, 264.5, 168.5",264.5,264.5,264.5
"246",20,5,0.01,0.6,0.1,0,50,13.936164971273,226.1,"264.5, 168.5, 264.5, 264.5, 168.5",264.5,264.5,264.5
"247",20,5,0.01,0.6,0.1,0.1,20,13.936164971273,226.1,"264.5, 168.5, 264.5, 264.5, 168.5",264.5,264.5,264.5
"248",20,5,0.01,0.6,0.1,0.1,50,13.936164971273,226.1,"264.5, 168.5, 264.5, 264.5, 168.5",264.5,264.5,264.5
"249",20,5,0.01,0.8,0,0,20,13.936164971273,226.1,"264.5, 168.5, 264.5, 264.5, 168.5",264.5,264.5,264.5
"250",20,5,0.01,0.8,0,0,50,13.936164971273,226.1,"264.5, 168.5, 264.5, 264.5, 168.5",264.5,264.5,264.5
"251",20,5,0.01,0.8,0,0.1,20,13.936164971273,226.1,"264.5, 168.5, 264.5, 264.5, 168.5",264.5,264.5,264.5
"252",20,5,0.01,0.8,0,0.1,50,13.936164971273,226.1,"264.5, 168.5, 264.5, 264.5, 168.5",264.5,264.5,264.5
"253",20,5,0.01,0.8,0.1,0,20,13.936164971273,226.1,"264.5, 168.5, 264.5, 264.5, 168.5",264.5,264.5,264.5
"254",20,5,0.01,0.8,0.1,0,50,13.936164971273,226.1,"264.5, 168.5, 264.5, 264.5, 168.5",264.5,264.5,264.5
"255",20,5,0.01,0.8,0.1,0.1,20,13.936164971273,226.1,"264.5, 168.5, 264.5, 264.5, 168.5",264.5,264.5,264.5
"256",20,5,0.01,0.8,0.1,0.1,50,13.936164971273,226.1,"264.5, 168.5, 264.5, 264.5, 168.5",264.5,264.5,264.5
"257",30,5,0.01,0.6,0,0,20,13.936164971273,226.1,"264.5, 168.5, 264.5, 264.5, 168.5",264.5,264.5,264.5
"258",30,5,0.01,0.6,0,0,50,13.936164971273,226.1,"264.5, 168.5, 264.5, 264.5, 168.5",264.5,264.5,264.5
"259",30,5,0.01,0.6,0,0.1,20,13.936164971273,226.1,"264.5, 168.5, 264.5, 264.5, 168.5",264.5,264.5,264.5
"260",30,5,0.01,0.6,0,0.1,50,13.936164971273,226.1,"264.5, 168.5, 264.5, 264.5, 168.5",264.5,264.5,264.5
"261",30,5,0.01,0.6,0.1,0,20,13.936164971273,226.1,"264.5, 168.5, 264.5, 264.5, 168.5",264.5,264.5,264.5
"262",30,5,0.01,0.6,0.1,0,50,13.936164971273,226.1,"264.5, 168.5, 264.5, 264.5, 168.5",264.5,264.5,264.5
"263",30,5,0.01,0.6,0.1,0.1,20,13.936164971273,226.1,"264.5, 168.5, 264.5, 264.5, 168.5",264.5,264.5,264.5
"264",30,5,0.01,0.6,0.1,0.1,50,13.936164971273,226.1,"264.5, 168.5, 264.5, 264.5, 168.5",264.5,264.5,264.5
"265",30,5,0.01,0.8,0,0,20,13.936164971273,226.1,"264.5, 168.5, 264.5, 264.5, 168.5",264.5,264.5,264.5
"266",30,5,0.01,0.8,0,0,50,13.936164971273,226.1,"264.5, 168.5, 264.5, 264.5, 168.5",264.5,264.5,264.5
"267",30,5,0.01,0.8,0,0.1,20,13.936164971273,226.1,"264.5, 168.5, 264.5, 264.5, 168.5",264.5,264.5,264.5
"268",30,5,0.01,0.8,0,0.1,50,13.936164971273,226.1,"264.5, 168.5, 264.5, 264.5, 168.5",264.5,264.5,264.5
"269",30,5,0.01,0.8,0.1,0,20,13.936164971273,226.1,"264.5, 168.5, 264.5, 264.5, 168.5",264.5,264.5,264.5
"270",30,5,0.01,0.8,0.1,0,50,13.936164971273,226.1,"264.5, 168.5, 264.5, 264.5, 168.5",264.5,264.5,264.5
"271",30,5,0.01,0.8,0.1,0.1,20,13.936164971273,226.1,"264.5, 168.5, 264.5, 264.5, 168.5",264.5,264.5,264.5
"272",30,5,0.01,0.8,0.1,0.1,50,13.936164971273,226.1,"264.5, 168.5, 264.5, 264.5, 168.5",264.5,264.5,264.5
"273",40,5,0.01,0.6,0,0,20,13.936164971273,226.1,"264.5, 168.5, 264.5, 264.5, 168.5",264.5,264.5,264.5
"274",40,5,0.01,0.6,0,0,50,13.936164971273,226.1,"264.5, 168.5, 264.5, 264.5, 168.5",264.5,264.5,264.5
"275",40,5,0.01,0.6,0,0.1,20,13.936164971273,226.1,"264.5, 168.5, 264.5, 264.5, 168.5",264.5,264.5,264.5
"276",40,5,0.01,0.6,0,0.1,50,13.936164971273,226.1,"264.5, 168.5, 264.5, 264.5, 168.5",264.5,264.5,264.5
"277",40,5,0.01,0.6,0.1,0,20,13.936164971273,226.1,"264.5, 168.5, 264.5, 264.5, 168.5",264.5,264.5,264.5
"278",40,5,0.01,0.6,0.1,0,50,13.936164971273,226.1,"264.5, 168.5, 264.5, 264.5, 168.5",264.5,264.5,264.5
"279",40,5,0.01,0.6,0.1,0.1,20,13.936164971273,226.1,"264.5, 168.5, 264.5, 264.5, 168.5",264.5,264.5,264.5
"280",40,5,0.01,0.6,0.1,0.1,50,13.936164971273,226.1,"264.5, 168.5, 264.5, 264.5, 168.5",264.5,264.5,264.5
"281",40,5,0.01,0.8,0,0,20,13.936164971273,226.1,"264.5, 168.5, 264.5, 264.5, 168.5",264.5,264.5,264.5
"282",40,5,0.01,0.8,0,0,50,13.936164971273,226.1,"264.5, 168.5, 264.5, 264.5, 168.5",264.5,264.5,264.5
"283",40,5,0.01,0.8,0,0.1,20,13.936164971273,226.1,"264.5, 168.5, 264.5, 264.5, 168.5",264.5,264.5,264.5
"284",40,5,0.01,0.8,0,0.1,50,13.936164971273,226.1,"264.5, 168.5, 264.5, 264.5, 168.5",264.5,264.5,264.5
"285",40,5,0.01,0.8,0.1,0,20,13.936164971273,226.1,"264.5, 168.5, 264.5, 264.5, 168.5",264.5,264.5,264.5
"286",40,5,0.01,0.8,0.1,0,50,13.936164971273,226.1,"264.5, 168.5, 264.5, 264.5, 168.5",264.5,264.5,264.5
"287",40,5,0.01,0.8,0.1,0.1,20,13.936164971273,226.1,"264.5, 168.5, 264.5, 264.5, 168.5",264.5,264.5,264.5
"288",40,5,0.01,0.8,0.1,0.1,50,13.936164971273,226.1,"264.5, 168.5, 264.5, 264.5, 168.5",264.5,264.5,264.5
